도봉관,서울 도봉구 노해로 261 1~2층,서울 도봉구 창동 700-27,매일 11:00 ~ 21:00,02-991-1231,//t1.kakaocdn.net/thumb/T800x0.q80/?fname=http%3A%2F%2Ft1.daumcdn.net%2Flocalfiy%2Fsearchregister_1046556052,https://place.map.kakao.com/1553976296,127.0371657,37.65161519
쌍문동커피,"서울 도봉구 도봉로116길 5 지하 1,1층",서울 도봉구 창동 658-49,월~금 10:00 ~ 23:00,,//t1.kakaocdn.net/thumb/T800x0.q80/?fname=http%3A%2F%2Ft1.daumcdn.net%2Fplace%2F5F8B16C5E36544B3A7382E336BAD0589,https://place.map.kakao.com/27440655,127.0357084,37.64820577
꿀소담,"서울 도봉구 해등로16길 67 1,2층",서울 도봉구 창동 269-4,매일 08:00 ~ 00:00,,//t1.kakaocdn.net/thumb/T800x0.q80/?fname=http%3A%2F%2Ft1.daumcdn.net%2Fplace%2F9A823EE4AEF34A36A0C637C6249A1106,https://place.map.kakao.com/635306818,127.043747,37.6550773
카페오븐,서울 도봉구 해등로16길 12 현대아파트상가동 2층 201호,서울 도봉구 창동 813,화~토 12:00 ~ 23:00,02-3141-0089,//t1.kakaocdn.net/thumb/T800x0.q80/?fname=http%3A%2F%2Ft1.daumcdn.net%2Fcfile%2F26370234537C00EA2C,https://place.map.kakao.com/24695495,127.0405729,37.65623484
몽상가 크레이프전문점,서울 도봉구 도봉로143길 30 1층,서울 도봉구 방학동 675-33,수~일 12:00 ~ 20:00,,//t1.kakaocdn.net/thumb/T800x0.q80/?fname=http%3A%2F%2Ft1.kakaocdn.net%2Fmystore%2FDF67319F896B44CD95A98C80C1CEADCC,https://place.map.kakao.com/1789979058,127.0404619,37.66187503
산과산사이커피로드,서울 도봉구 도봉로180가길 96 4층,서울 도봉구 도봉동 44-5,매일 09:00 ~ 23:00,070-4177-8197,//t1.kakaocdn.net/thumb/T800x0.q80/?fname=http%3A%2F%2Ft1.daumcdn.net%2Fplace%2F1D311A4574624C30BA894BFAA759F657,https://place.map.kakao.com/19530655,127.0465142,37.68779018
스타벅스 방학역점,서울 도봉구 도봉로 684 1층,서울 도봉구 방학동 707-6,월~금 07:00 ~ 22:00,1522-3232,//t1.kakaocdn.net/thumb/T800x0.q80/?fname=http%3A%2F%2Ft1.daumcdn.net%2Fplace%2FC2898258668148A7A2493B5EE131EB20,https://place.map.kakao.com/1340630386,127.0436071,37.66535584
카페152길,서울 도봉구 도봉로152길 29-3 1층,서울 도봉구 도봉동 622-64,매일 08:30 ~ 22:00,02-954-1520,//t1.kakaocdn.net/thumb/T800x0.q80/?fname=http%3A%2F%2Ft1.daumcdn.net%2Fplace%2F18707D74339A449F87EE582BC37B8586,https://place.map.kakao.com/1985501177,127.0454649,37.66961092
로로옴,서울 도봉구 도봉로152가길 152,서울 도봉구 도봉동 92-71,월~금 11:00 ~ 20:00,02-6091-8800,//t1.kakaocdn.net/thumb/T800x0.q80/?fname=http%3A%2F%2Ft1.kakaocdn.net%2Fmystore%2FF56205E47223494982968FA54A1D4535,https://place.map.kakao.com/1246426011,127.0452357,37.67632177
스타벅스 도봉로DT점,서울 도봉구 도봉로 635,서울 도봉구 쌍문동 707-9,매일 07:00 ~ 22:00,1522-3232,//t1.kakaocdn.net/thumb/T800x0.q80/?fname=http%3A%2F%2Ft1.daumcdn.net%2Fplace%2F5E2EF035B07C49E78F0A22A52275781E,https://place.map.kakao.com/474419088,127.0416939,37.66114444
세라젬웰카페 서울쌍문직영점,서울 도봉구 도봉로 571 1층,서울 도봉구 쌍문동 656,매일 11:00 ~ 20:00,02-6949-5325,//t1.kakaocdn.net/thumb/T800x0.q80/?fname=http%3A%2F%2Ft1.daumcdn.net%2Flocalfiy%2Fsearchregister_299704577,https://place.map.kakao.com/1757795758,127.0386993,37.65601969
스타벅스 쌍문역점,서울 도봉구 도봉로 480,서울 도봉구 창동 659-5,월~토 07:00 ~ 22:00,1522-3232,//t1.kakaocdn.net/thumb/T800x0.q80/?fname=http%3A%2F%2Ft1.daumcdn.net%2Fplace%2FB071B1908EFE41278C76121D883E5966,https://place.map.kakao.com/22547060,127.0348872,37.6483536
스타벅스 쌍문도봉로점,서울 도봉구 도봉로 444 1층,서울 도봉구 창동 650-45,월~금 07:00 ~ 22:00,1522-3232,//t1.kakaocdn.net/thumb/T800x0.q80/?fname=http%3A%2F%2Ft1.daumcdn.net%2Fplace%2F093676D0A416437CBAABDB9F716355A1,https://place.map.kakao.com/519080844,127.0331162,37.64538906
키웨스트 연산군묘점,"서울 도봉구 방학로17길 85 1,2층",서울 도봉구 방학동 584,매일 10:30 ~ 22:00,,//t1.kakaocdn.net/thumb/T800x0.q80/?fname=http%3A%2F%2Ft1.daumcdn.net%2Fplace%2F42DE618E21A84754AD3660DADE7CA059,https://place.map.kakao.com/2084988667,127.0210688,37.66259114
투썸플레이스 창동역점,서울 도봉구 노해로 381 1층,서울 도봉구 창동 9-2,매일 08:00 ~ 23:30,02-994-2388,//t1.kakaocdn.net/thumb/T800x0.q80/?fname=http%3A%2F%2Ft1.daumcdn.net%2Fplace%2FB818D76837DE402F8433E2B4F00CB3A3,https://place.map.kakao.com/21544366,127.0504656,37.65253808
카페그리너리티,서울 도봉구 노해로62길 80 1층,서울 도봉구 창동 667-5,화~일 11:00 ~ 21:00,010-2514-6469,//t1.kakaocdn.net/thumb/T800x0.q80/?fname=http%3A%2F%2Ft1.kakaocdn.net%2Ffiy_reboot%2Fplace%2FB5BB831572BA41D481877506165B977D,https://place.map.kakao.com/462897050,127.0385003,37.64777801
카페더로비,서울 도봉구 방학로 171-5,서울 도봉구 방학동 670-1,화~일 11:00 ~ 23:00,02-954-1715,//t1.kakaocdn.net/thumb/T800x0.q80/?fname=http%3A%2F%2Ft1.daumcdn.net%2Fplace%2F1DF8E0C1E5D94B2FB8F3C5F55C334980,https://place.map.kakao.com/447862448,127.0332697,37.66202684
도봉산커피,서울 도봉구 도봉산4가길 4,서울 도봉구 도봉동 282-316,매일 08:00 ~ 22:00,010-9945-7145,//t1.kakaocdn.net/thumb/T800x0.q80/?fname=http%3A%2F%2Ft1.daumcdn.net%2Flocalfiy%2F53CC594E0B1942C29E9009AB2E2E2E6B,https://place.map.kakao.com/2002605651,127.0419288,37.68826906
만남의광장,서울 도봉구 도봉동 288-20,서울 도봉구 도봉동 288-20,,02-956-4545,,https://place.map.kakao.com/21927608,127.0447902,37.68905015
엉클두,서울 도봉구 노해로63가길 37 1층,서울 도봉구 창동 263-33,매일 09:00 ~ 23:00,,//t1.kakaocdn.net/thumb/T800x0.q80/?fname=http%3A%2F%2Ft1.daumcdn.net%2Flocal%2FkakaomapPhoto%2Freview%2F4a1f1177439af267efd5665ab31803bf04ae104a%3Foriginal,https://place.map.kakao.com/17551253,127.0451146,37.65436167
메종드쌍문,서울 도봉구 해등로 158-1 1층,서울 도봉구 쌍문동 628,"월,수,목,금,토,일 09:00 ~ 22:00",02-6449-9122,//t1.kakaocdn.net/thumb/T800x0.q80/?fname=http%3A%2F%2Ft1.daumcdn.net%2Fplace%2F5B030A143D964954890E1BF83622647C,https://place.map.kakao.com/90926338,127.0390121,37.65719293
카페에덴,서울 도봉구 방학로 306,서울 도봉구 방학동 596-1,매일 11:00 ~ 22:00,02-3491-3331,,https://place.map.kakao.com/779650889,127.0183998,37.66294522
스타벅스 창동이마트점,서울 도봉구 노해로65길 4,서울 도봉구 창동 135-26,월~토 10:00 ~ 21:30,1522-3232,//t1.kakaocdn.net/thumb/T800x0.q80/?fname=http%3A%2F%2Ft1.daumcdn.net%2Fplace%2F0912122F9BA64A1B95535436DDC734B5,https://place.map.kakao.com/697641350,127.0466993,37.65163612
이탈리안G,서울 도봉구 도봉로 675,서울 도봉구 방학동 703-65,,02-955-7214,//t1.kakaocdn.net/thumb/T800x0.q80/?fname=http%3A%2F%2Ft1.kakaocdn.net%2Ffiy_reboot%2Fplace%2F5CD1E068FB0D405BA52667792C9D4F52,https://place.map.kakao.com/27417038,127.0423791,37.66471542
디어트리,서울 도봉구 삼양로162길 51-7 제이스타빌 1층,서울 도봉구 쌍문동 525,월~금 10:30 ~ 20:00,,//t1.kakaocdn.net/thumb/T800x0.q80/?fname=http%3A%2F%2Ft1.daumcdn.net%2Fplace%2F32C290C345544E04B405965D37B393DD,https://place.map.kakao.com/1885268980,127.0165232,37.65782585
투썸플레이스 방학역점,서울 도봉구 도봉로 696 2층,서울 도봉구 방학동 706-7,월~금 09:00 ~ 23:00,02-954-7799,//t1.kakaocdn.net/thumb/T800x0.q80/?fname=http%3A%2F%2Ft1.daumcdn.net%2Fplace%2F227B446A9BAB40048A12349210F1EDF7,https://place.map.kakao.com/861389811,127.0434219,37.66663602
카미노커피로스터스,서울 도봉구 도당로 46 1층,서울 도봉구 방학동 671-18,월~금 08:10 ~ 18:00,,//t1.kakaocdn.net/thumb/T800x0.q80/?fname=http%3A%2F%2Ft1.kakaocdn.net%2Ffiy_reboot%2Fplace%2FD38D93D6C0434CF9B4836B2AE5D18724,https://place.map.kakao.com/27347024,127.0349506,37.66207726
투썸플레이스 쌍문중앙점,서울 도봉구 도봉로 482,서울 도봉구 창동 659-4,월~금 07:00 ~ 23:00,02-991-2377,//t1.kakaocdn.net/thumb/T800x0.q80/?fname=http%3A%2F%2Ft1.daumcdn.net%2Fplace%2FDBB616EAF06E451386C112780F3CBEEC,https://place.map.kakao.com/346649554,127.0350076,37.64846313
설빙 서울도봉방학점,서울 도봉구 방학로 165 2층,서울 도봉구 방학동 670-10,매일 11:00 ~ 23:00,02-6014-2222,//t1.kakaocdn.net/thumb/T800x0.q80/?fname=http%3A%2F%2Ft1.daumcdn.net%2Fplace%2F46D065C5C2C941EAAE444D8B57C8627B,https://place.map.kakao.com/510944917,127.0338111,37.66220553
온도감,서울 도봉구 도당로 66-1 1층,서울 도봉구 방학동 695,월~토 12:00 ~ 20:00,,//t1.kakaocdn.net/thumb/T800x0.q80/?fname=http%3A%2F%2Ft1.daumcdn.net%2Flocalfiy%2F6F1DF63465F14AA3AE8B524886D015F7,https://place.map.kakao.com/1087965647,127.0352006,37.66400348
투썸플레이스 도봉보건소점,서울 도봉구 도봉로 578,서울 도봉구 창동 715-1,매일 09:00 ~ 22:00,02-902-2427,//t1.kakaocdn.net/thumb/T800x0.q80/?fname=http%3A%2F%2Ft1.daumcdn.net%2Fplace%2F3EC2D195DC0D4EC5AD8BBF99317FB43C,https://place.map.kakao.com/21605277,127.0397032,37.65629406
카페도영,"서울 도봉구 도봉산길 65-5 라동 지하1층, 1층",서울 도봉구 도봉동 411-1,매일 08:00 ~ 20:00,0507-1367-7437,//t1.kakaocdn.net/thumb/T800x0.q80/?fname=http%3A%2F%2Ft1.daumcdn.net%2Fplace%2F77B64579CD354CCD990D8ABDA6E972FA,https://place.map.kakao.com/2019520377,127.0378595,37.68633766
투썸플레이스 쌍문역점,서울 도봉구 도봉로 461 원형빌딩 1층,서울 도봉구 쌍문동 96-4,월~금 08:00 ~ 22:30,02-998-2377,//t1.kakaocdn.net/thumb/T800x0.q80/?fname=http%3A%2F%2Ft1.daumcdn.net%2Fplace%2F816AF82F7E2F44DFB87CCDB881DB9EE8,https://place.map.kakao.com/17736089,127.0333636,37.64705627
설빙 서울쌍문역점,서울 도봉구 도봉로 460 2층,서울 도봉구 창동 655-11,매일 11:00 ~ 23:00,02-991-0077,//t1.kakaocdn.net/thumb/T800x0.q80/?fname=http%3A%2F%2Ft1.daumcdn.net%2Fplace%2F58782D9C0BD34747B7243BEF978D8BEF,https://place.map.kakao.com/25531123,127.0339457,37.64670075
무수울카페,서울 도봉구 도봉로173길 124,서울 도봉구 도봉동 435-18,매일 09:00 ~ 20:00,,//t1.kakaocdn.net/thumb/T800x0.q80/?fname=http%3A%2F%2Ft1.kakaocdn.net%2Ffiy_reboot%2Fplace%2F4002DDFA491B458F88536B32D23AF7EE,https://place.map.kakao.com/933788438,127.0371125,37.67859408
투썸플레이스 도봉산입구점,서울 도봉구 도봉산4가길 13-11,서울 도봉구 도봉동 282-304,"월,화,수,목,금,일 09:30 ~ 21:30",02-3492-7778,//t1.kakaocdn.net/thumb/T800x0.q80/?fname=http%3A%2F%2Ft1.kakaocdn.net%2Fmystore%2FD255E9371F9A413BBC210E9E3412E91A,https://place.map.kakao.com/126319167,127.0416674,37.68759928
카페고르,서울 도봉구 도봉로112길 38 1층,서울 도봉구 창동 651-31,매일 12:00 ~ 22:00,,//t1.kakaocdn.net/thumb/T800x0.q80/?fname=http%3A%2F%2Ft1.daumcdn.net%2Fplace%2F128E141818EF4C59B1D45A3064F40F05,https://place.map.kakao.com/122599399,127.0367911,37.64684505
메가MGC커피 창동역점,서울 도봉구 마들로11가길 13 1층 105호,서울 도봉구 창동 4,,02-998-4242,//t1.kakaocdn.net/thumb/T800x0.q80/?fname=http%3A%2F%2Ft1.daumcdn.net%2Fplace%2F92559C934FC74AA897625AE9F2238F8E,https://place.map.kakao.com/134004806,127.0492033,37.65290468
탐앤탐스 창동본점,서울 도봉구 노해로 285 1층,서울 도봉구 창동 691-10,매일 00:00 ~ 24:00,02-543-3242,//t1.kakaocdn.net/thumb/T800x0.q80/?fname=http%3A%2F%2Ft1.kakaocdn.net%2Ffiy_reboot%2Fplace%2FB84969B65C53496393E39F10BC6BBE50,https://place.map.kakao.com/53269966,127.0399804,37.65184384
매일이기념일,서울 도봉구 우이천로24길 69 1층,서울 도봉구 쌍문동 103-30,화~일 10:00 ~ 21:00,010-9013-7962,//t1.kakaocdn.net/thumb/T800x0.q80/?fname=http%3A%2F%2Ft1.daumcdn.net%2Flocalfiy%2Fsearchregister_348861993,https://place.map.kakao.com/1336295111,127.0321948,37.64640662
커피스미스 도봉역점,"서울 도봉구 도봉로152가길 176 1,2층",서울 도봉구 도봉동 92-55,월~금 08:00 ~ 23:00,02-948-6900,//t1.kakaocdn.net/thumb/T800x0.q80/?fname=http%3A%2F%2Ft1.daumcdn.net%2Fplace%2F6F4FF9B75E874C51AA1CF93949896EA4,https://place.map.kakao.com/4013599,127.0454276,37.67738827
만랩커피 창동역점,"서울 도봉구 노해로63길 82 1,2층",서울 도봉구 창동 74-7,월~토 09:00 ~ 23:30,02-998-1002,//t1.kakaocdn.net/thumb/T800x0.q80/?fname=http%3A%2F%2Ft1.daumcdn.net%2Fplace%2F8A142F1D7BF4432AB20797965C8B7134,https://place.map.kakao.com/236297929,127.0464738,37.65265513
리프패럿 방학동점,서울 도봉구 도당로 80 4층 401호,서울 도봉구 방학동 696,,010-2814-0616,//t1.kakaocdn.net/thumb/T800x0.q80/?fname=http%3A%2F%2Ft1.daumcdn.net%2Fplace%2FF8A0F33490E64EFDA4EA3D90BC8374BC,https://place.map.kakao.com/1981789673,127.0363449,37.66483465
창포원북카페 비상,서울 도봉구 마들로 916 방문자센터 2층,서울 도봉구 도봉동 4-1,,02-954-5254,//t1.kakaocdn.net/thumb/T800x0.q80/?fname=http%3A%2F%2Ft1.kakaocdn.net%2Fmystore%2FE338431C72EE4FF5B9A13A3E6768D99F,https://place.map.kakao.com/27575377,127.0471623,37.68953917
스위트가든,서울 도봉구 방학로5길 16,서울 도봉구 방학동 264-64,화~일 09:00 ~ 19:00,02-900-1232,//t1.kakaocdn.net/thumb/T800x0.q80/?fname=http%3A%2F%2Ft1.daumcdn.net%2Flocalfiy%2F810EC15222D742DB909546BAB903C52C,https://place.map.kakao.com/765825621,127.0374795,37.66196512
카페푸쿠푸쿠,서울 도봉구 노해로45길 17 1층,서울 도봉구 쌍문동 309-21,화~금 11:00 ~ 19:00,0507-1303-5711,//t1.kakaocdn.net/thumb/T800x0.q80/?fname=http%3A%2F%2Ft1.kakaocdn.net%2Fmystore%2FA9F9301623F44F92AE781FF29B1D31FF,https://place.map.kakao.com/609301855,127.0269992,37.65040964
투썸플레이스 창동이마트점,서울 도봉구 노해로65길 14-3 2층,서울 도봉구 창동 75-1,매일 09:00 ~ 22:30,,//t1.kakaocdn.net/thumb/T800x0.q80/?fname=http%3A%2F%2Ft1.daumcdn.net%2Fplace%2F9671E169780E4A4489D58EC304D7CF50,https://place.map.kakao.com/22401090,127.0467678,37.65207037
메가MGC커피 쌍문역점,서울 도봉구 도봉로 492 1층,서울 도봉구 창동 661-33,,02-991-1041,,https://place.map.kakao.com/753529210,127.0354556,37.64922937
메가MGC커피 방학역점,서울 도봉구 도봉로150길 40 101호,서울 도봉구 방학동 715-9,,02-3492-0181,,https://place.map.kakao.com/1793352976,127.0453741,37.66577079
가배미혼,서울 도봉구 도봉로115길 4,서울 도봉구 쌍문동 88-97,,,//t1.kakaocdn.net/thumb/T800x0.q80/?fname=http%3A%2F%2Ft1.daumcdn.net%2Fplace%2F5747D55980414838804B9B724BD9940F,https://place.map.kakao.com/19975170,127.0341694,37.64862257
도본,서울 도봉구 우이천로 288-3 1층,서울 도봉구 쌍문동 103-159,월~토 10:00 ~ 22:00,070-7543-3557,//t1.kakaocdn.net/thumb/T800x0.q80/?fname=http%3A%2F%2Ft1.kakaocdn.net%2Fmystore%2F9193F78AF27E471B935FEACDD6FBAFBD,https://place.map.kakao.com/1915489402,127.0302439,37.64390195
에스트로,서울 도봉구 노해로63가길 31-11 명성빌딩 1층,서울 도봉구 창동 262-6,,02-990-0272,//t1.kakaocdn.net/thumb/T800x0.q80/?fname=http%3A%2F%2Ft1.daumcdn.net%2Fplace%2F9D00EFB8FB994AEFB23CCEA982B5A00B,https://place.map.kakao.com/300536444,127.0444766,37.65429713
컴포즈커피 방학도깨비시장점,서울 도봉구 도당로13길 23 1층,서울 도봉구 방학동 632-55,,070-7543-7170,,https://place.map.kakao.com/103174458,127.0350296,37.66564593
탐앤탐스 도봉산입구점,"서울 도봉구 도봉산4길 4-13 1,2층",서울 도봉구 도봉동 280-4,매일 08:00 ~ 22:00,02-955-4565,,https://place.map.kakao.com/17968058,127.0430082,37.68766277
메가MGC커피 신도봉시장점,서울 도봉구 도봉로 727 1층,서울 도봉구 방학동 653-18,,02-955-5556,,https://place.map.kakao.com/705389115,127.0432233,37.66934273
24시 무인카페 만월경,서울 도봉구 해등로 79 1층,서울 도봉구 창동 341,매일 00:00 ~ 24:00,010-2083-2087,//t1.kakaocdn.net/thumb/T800x0.q80/?fname=http%3A%2F%2Ft1.kakaocdn.net%2Fmystore%2F2385956E4D2543DAA949324E90894840,https://place.map.kakao.com/1441036898,127.0413836,37.65066712
희서커피,서울 도봉구 도봉로169길 266-38 1층,서울 도봉구 도봉동 475-3,월~토 10:00 ~ 18:00,02-599-0740,//t1.kakaocdn.net/thumb/T800x0.q80/?fname=http%3A%2F%2Ft1.kakaocdn.net%2Fmystore%2F5ADEEF8408AE4FD39E902DF28BFD6BB2,https://place.map.kakao.com/1865729954,127.0313356,37.67778938
메가MGC커피 방학도깨비시장점,서울 도봉구 도당로 81 1층,서울 도봉구 방학동 661-1,매일 08:00 ~ 22:00,02-3491-9279,//t1.kakaocdn.net/thumb/T800x0.q80/?fname=http%3A%2F%2Ft1.daumcdn.net%2Fplace%2F90E8CF902D1D448F9AC2A468B33F04A5,https://place.map.kakao.com/1021958248,127.0360209,37.66514108
마이림,서울 도봉구 우이천로34길 13,서울 도봉구 쌍문동 449-7,매일 00:00 ~ 24:00,010-2031-7967,//t1.kakaocdn.net/thumb/T800x0.q80/?fname=http%3A%2F%2Ft1.daumcdn.net%2Flocalfiy%2F0B8A07EC00AE4E3AA0CD49263DA30220,https://place.map.kakao.com/1762898207,127.0231486,37.64976788
빽다방 창동역점,서울 도봉구 마들로11길 57 EQ빌딩 102호,서울 도봉구 창동 13-2,월~금 08:00 ~ 21:00,02-995-7711,//t1.kakaocdn.net/thumb/T800x0.q80/?fname=http%3A%2F%2Ft1.kakaocdn.net%2Ffiy_reboot%2Fplace%2FFB19B3C603B64B1EA22E41D36387F6D9,https://place.map.kakao.com/1322265569,127.0501576,37.65350604
컴포즈커피 창동동아점,서울 도봉구 노해로 384 1층 1-1호,서울 도봉구 창동 26,월~금 08:00 ~ 20:30,02-998-8241,,https://place.map.kakao.com/1258254803,127.0510028,37.65194275
메가MGC커피 쌍문세라믹점,서울 도봉구 도당로 14 다보빌딩 1층,서울 도봉구 쌍문동 19-15,,02-999-0787,//t1.kakaocdn.net/thumb/T800x0.q80/?fname=http%3A%2F%2Ft1.daumcdn.net%2Fplace%2F700B51E4E1C840EAA41F0E33F472618A,https://place.map.kakao.com/235462522,127.0351637,37.65949597
메가MGC커피 창동신창점,서울 도봉구 우이천로4길 31 1층,서울 도봉구 창동 501-20,매일 08:00 ~ 22:00,02-998-8988,//t1.kakaocdn.net/thumb/T800x0.q80/?fname=http%3A%2F%2Ft1.kakaocdn.net%2Ffiy_reboot%2Fplace%2F02B3F20665F448D4A0C5A560E2FA9F1A,https://place.map.kakao.com/1790390542,127.0411072,37.63409604
카페녹천,서울 도봉구 노해로66길 125 하나타운하우스 1층 1호,서울 도봉구 창동 424-3,,070-4833-5078,//t1.kakaocdn.net/thumb/T800x0.q80/?fname=http%3A%2F%2Ft1.daumcdn.net%2Fplace%2F8FE187EA794847D89E7CC9966D77D860,https://place.map.kakao.com/1560924093,127.049196,37.64592134
숲오,서울 도봉구 우이천로48길 12,서울 도봉구 쌍문동 485-22,매일 12:00 ~ 22:00,,//t1.kakaocdn.net/thumb/T800x0.q80/?fname=http%3A%2F%2Ft1.daumcdn.net%2Fplace%2FD2E9B4CE735C49338917795775680F95,https://place.map.kakao.com/754303433,127.0164036,37.65581496
커피지,서울 도봉구 도봉로145길 8 2층,서울 도봉구 방학동 703-21,매일 10:00 ~ 02:00,02-3491-6884,//t1.kakaocdn.net/thumb/T800x0.q80/?fname=http%3A%2F%2Ft1.daumcdn.net%2Fplace%2FCE582ED5801043E3BFFBD8CF2E35AB9A,https://place.map.kakao.com/107103518,127.0421026,37.66473254
숲속마을카페,서울 도봉구 시루봉로15다길 2,서울 도봉구 방학동 612-14,월~토 10:00 ~ 19:00,02-955-1446,//t1.kakaocdn.net/thumb/T800x0.q80/?fname=http%3A%2F%2Ft1.daumcdn.net%2Fplace%2FED5F6523B81845FFBFDDC4A65B7FA6E7,https://place.map.kakao.com/42939404,127.032266,37.66818919
마치커피,서울 도봉구 덕릉로59아길 48 1층,서울 도봉구 창동 607-37,"월,수,목,금 08:30 ~ 20:00",070-8250-6660,//t1.kakaocdn.net/thumb/T800x0.q80/?fname=http%3A%2F%2Ft1.kakaocdn.net%2Fmystore%2FE821BACBE2774FDC939D16F78CE63FD4,https://place.map.kakao.com/1242508793,127.039262,37.64289217
메가MGC커피 신창시장점,서울 도봉구 덕릉로 238 1층,서울 도봉구 창동 569-85,,,,https://place.map.kakao.com/585227643,127.0386531,37.63897471
메가MGC커피 이마트에브리데이도봉점,서울 도봉구 도봉로180길 38 1층,서울 도봉구 도봉동 62-1,월~금 07:00 ~ 22:00,02-955-5666,//t1.kakaocdn.net/thumb/T800x0.q80/?fname=http%3A%2F%2Ft1.daumcdn.net%2Fplace%2FA0F26CC092BB4B519CFF670BEBAB4B79,https://place.map.kakao.com/1689783843,127.0480046,37.68256247
메가MGC커피 도봉역점,서울 도봉구 도봉로 817 1층,서울 도봉구 도봉동 600-1,,02-955-4418,,https://place.map.kakao.com/841566753,127.0446376,37.67741777
마을북카페 행복한이야기,서울 도봉구 마들로11길 77 창동역사내 지상1층,서울 도봉구 창동 135-1,,02-954-7145,,https://place.map.kakao.com/20102704,127.0476838,37.65320848
이디야커피 창동역점,서울 도봉구 마들로11길 65 1층 3호,서울 도봉구 창동 13,매일 09:00 ~ 22:30,02-900-9307,//t1.kakaocdn.net/thumb/T800x0.q80/?fname=http%3A%2F%2Ft1.daumcdn.net%2Fplace%2FCE0577C5E2CB423AB8C7FA77134E502B,https://place.map.kakao.com/16501421,127.0496674,37.65341714
커피홀 창동점,서울 도봉구 도봉로136가길 69 101호,서울 도봉구 창동 219-5,매일 08:30 ~ 22:00,02-955-0500,//t1.kakaocdn.net/thumb/T800x0.q80/?fname=http%3A%2F%2Ft1.kakaocdn.net%2Fmystore%2F4DEA3D6F8AD5432C8D9AF0359234F426,https://place.map.kakao.com/1464578322,127.0426065,37.65612285
메가MGC커피 쌍문점,서울 도봉구 도봉로 457 1층,서울 도봉구 쌍문동 96-43,,02-992-0707,//t1.kakaocdn.net/thumb/T800x0.q80/?fname=http%3A%2F%2Ft1.daumcdn.net%2Fplace%2FC86E944755A047EA83EE2EC65663D007,https://place.map.kakao.com/1267906417,127.0332546,37.64677573
메가MGC커피 방학점,서울 도봉구 방학로 192 1층,서울 도봉구 방학동 280-6,,02-954-6555,,https://place.map.kakao.com/79326740,127.0308554,37.66231004
이디야커피 도봉역점,"서울 도봉구 도봉로 823 1,2층",서울 도봉구 도봉동 596-20,월~금 08:00 ~ 23:00,02-955-1307,//t1.kakaocdn.net/thumb/T800x0.q80/?fname=http%3A%2F%2Ft1.daumcdn.net%2Flocal%2FkakaomapPhoto%2Freview%2F365e769cafe8e6a58b4dfcfc27b4cf59ab6b1688%3Foriginal,https://place.map.kakao.com/26524606,127.0447596,37.6779184
이디야커피 도봉산점,서울 도봉구 도봉산길 18 1층,서울 도봉구 도봉동 282-344,월~금 08:00 ~ 22:00,02-3494-3974,//t1.kakaocdn.net/thumb/T800x0.q80/?fname=http%3A%2F%2Ft1.daumcdn.net%2Flocalfiy%2Fsearchregister_26986363,https://place.map.kakao.com/1356297281,127.0437449,37.68753735
카페유노,"서울 도봉구 마들로 657 ESA아파트 상가 1층 118,119호",서울 도봉구 방학동 718-7,월~금 08:00 ~ 24:00,,,https://place.map.kakao.com/1648901888,127.0453374,37.66832986
커피낙타,서울 도봉구 도봉산길 73,서울 도봉구 도봉동 411-1,,02-6268-2268,//t1.kakaocdn.net/thumb/T800x0.q80/?fname=http%3A%2F%2Ft1.daumcdn.net%2Fplace%2F38E96E18A8E7444EB867758CB8C22832,https://place.map.kakao.com/997129998,127.0376091,37.68651289
이디야커피 쌍문역점,"서울 도봉구 도봉로117길 4 1,2층",서울 도봉구 쌍문동 88-20,매일 07:00 ~ 23:00,02-900-9279,,https://place.map.kakao.com/17956652,127.0347067,37.64944159
블랙캥거루,서울 도봉구 우이천로 134-1 1층,서울 도봉구 창동 518-14,월~목 10:00 ~ 20:00,02-999-0703,//t1.kakaocdn.net/thumb/T800x0.q80/?fname=http%3A%2F%2Ft1.kakaocdn.net%2Fmystore%2F3037AA137C0447CCAE8E03F816770666,https://place.map.kakao.com/266454918,127.0399012,37.63304942
공차 쌍문역점,서울 도봉구 도봉로 468 홍일빌딩 106호,서울 도봉구 창동 655-20,매일 10:00 ~ 22:30,02-904-5200,//t1.kakaocdn.net/thumb/T800x0.q80/?fname=http%3A%2F%2Ft1.daumcdn.net%2Fplace%2F88671D96837840D59EC28677CCB9E84B,https://place.map.kakao.com/47314856,127.0343726,37.64738619
김화자카페,서울 도봉구 도봉로114길 50 1층,서울 도봉구 창동 657-19,화~토 11:00 ~ 22:00,02-905-2570,//t1.kakaocdn.net/thumb/T800x0.q80/?fname=http%3A%2F%2Ft1.daumcdn.net%2Fplace%2F9AA444122C6543538CCD0D6FF98EB800,https://place.map.kakao.com/1933520510,127.0371338,37.64751446
컴포즈커피 쌍문현대점,서울 도봉구 해등로 218 가동 1층 108호,서울 도봉구 쌍문동 210,매일 08:00 ~ 22:00,02-907-4237,//t1.kakaocdn.net/thumb/T800x0.q80/?fname=http%3A%2F%2Ft1.daumcdn.net%2Fplace%2F97EABE3E2AF44B28A39DB5ECD02A38D4,https://place.map.kakao.com/116409222,127.032521,37.65815643
파스쿠찌 창동점,서울 도봉구 도봉로 558 2층,서울 도봉구 창동 715-14,,02-461-1942,,https://place.map.kakao.com/608780040,127.0387322,37.65460225
그랩커피,서울 도봉구 도봉로109길 62 1층,서울 도봉구 쌍문동 315-43,월~금 09:30 ~ 20:00,070-8224-7603,//t1.kakaocdn.net/thumb/T800x0.q80/?fname=http%3A%2F%2Ft1.kakaocdn.net%2Ffiy_reboot%2Fplace%2FAD7B0ADFB3E948CC927D14D2F6C00633,https://place.map.kakao.com/1316716091,127.0300397,37.64733718
메가MGC커피 창동이마트점,서울 도봉구 노해로65길 11 1층,서울 도봉구 창동 333-2,,02-902-7778,,https://place.map.kakao.com/679539181,127.0461932,37.65181165
이디야커피 방학중앙점,서울 도봉구 도당로13길 22 1층,서울 도봉구 방학동 633,매일 09:00 ~ 22:00,02-6406-0898,//t1.kakaocdn.net/thumb/T800x0.q80/?fname=http%3A%2F%2Ft1.kakaocdn.net%2Ffiy_reboot%2Fplace%2F229DE1139FAB416299F6638B72E0B5C3,https://place.map.kakao.com/1566284882,127.0352969,37.66576541
빽다방 창동역서부점,서울 도봉구 노해로63다길 10,서울 도봉구 창동 135-13,매일 08:00 ~ 22:00,02-2135-1221,//t1.kakaocdn.net/thumb/T800x0.q80/?fname=http%3A%2F%2Ft1.daumcdn.net%2Fplace%2F041AFC271A4A4B19906A199E536139CD,https://place.map.kakao.com/273094629,127.0465546,37.65334931
어로어,"서울 도봉구 해등로16길 52-19 지하 1층, 1층",서울 도봉구 창동 291-51,매일 10:00 ~ 22:00 · 휴게시간 매일 21:30 ~ 22:00,02-2205-8588,//t1.kakaocdn.net/thumb/T800x0.q80/?fname=http%3A%2F%2Ft1.kakaocdn.net%2Fmystore%2F5BC41FE1840D403186CB94E380E6AA4E,https://place.map.kakao.com/2091958276,127.0432442,37.65472538
탐앤탐스 도봉구청점,서울 도봉구 마들로 657 ESA아파트상가 1층,서울 도봉구 방학동 718-7,매일 08:30 ~ 00:30,02-956-9482,//t1.kakaocdn.net/thumb/T800x0.q80/?fname=http%3A%2F%2Ft1.kakaocdn.net%2Ffiy_reboot%2Fplace%2F033BDC78DF72437590992AEC974E6055,https://place.map.kakao.com/18612755,127.0453374,37.66832986
빽다방 쌍문역점,서울 도봉구 도봉로 479 1층,서울 도봉구 쌍문동 88-144,월~금 08:00 ~ 22:30,02-902-7971,//t1.kakaocdn.net/thumb/T800x0.q80/?fname=http%3A%2F%2Ft1.daumcdn.net%2Fplace%2F27C4C19EDF834000895DF86595A7EC84,https://place.map.kakao.com/114276151,127.0343505,37.64864478
모리커피 서울방학점,서울 도봉구 도당로 148 1층,서울 도봉구 방학동 704-28,월~금 08:00 ~ 22:00,02-955-8715,//t1.kakaocdn.net/thumb/T800x0.q80/?fname=http%3A%2F%2Ft1.daumcdn.net%2Flocal%2FkakaomapPhoto%2Freview%2Feb0d710aff69e3404b3f20f672cacc86fb0ea604%3Foriginal,https://place.map.kakao.com/1462787148,127.0424582,37.66695396
달콤픽,서울 도봉구 방학로5길 44 1층 103호,서울 도봉구 쌍문동 8-8,화~금 12:00 ~ 22:00,010-7209-2701,//t1.kakaocdn.net/thumb/T800x0.q80/?fname=http%3A%2F%2Ft1.kakaocdn.net%2Fmystore%2F4229A9DED4B4480DB70505F90E07EF66,https://place.map.kakao.com/576807903,127.0376882,37.66079026
메가MGC커피 창동어울림점,서울 도봉구 해등로16길 32 1층,서울 도봉구 창동 296-20,매일 08:00 ~ 22:00,02-997-0182,//t1.kakaocdn.net/thumb/T800x0.q80/?fname=http%3A%2F%2Ft1.kakaocdn.net%2Ffiy_reboot%2Fplace%2F057D830ADFA64645872E7B3133B76BC7,https://place.map.kakao.com/1442527354,127.0417425,37.65543697
애니멀고파크 도봉점,서울 도봉구 우이천로 296,서울 도봉구 쌍문동 103-247,,02-994-4000,//t1.kakaocdn.net/thumb/T800x0.q80/?fname=http%3A%2F%2Ft1.daumcdn.net%2Fplace%2F1850F9CE8B194990856A6513B48A9668,https://place.map.kakao.com/183694874,127.029694,37.64421149
아아수혈,서울 도봉구 노해로63가길 10,서울 도봉구 창동 254-36,매일 10:30 ~ 01:00,010-7228-8991,//t1.kakaocdn.net/thumb/T800x0.q80/?fname=http%3A%2F%2Ft1.daumcdn.net%2Fplace%2FCBF02CB0614B453FB5CC70F5303E499F,https://place.map.kakao.com/2060861848,127.045233,37.65310097
메가MGC커피 도봉중앙점,서울 도봉구 도봉로181길 30 1층,서울 도봉구 도봉동 568-40,,02-955-4536,//t1.kakaocdn.net/thumb/T800x0.q80/?fname=http%3A%2F%2Ft1.daumcdn.net%2Fplace%2FC56F69C0D69C4116BC278D55854D315A,https://place.map.kakao.com/919274879,127.0442324,37.68428419
카페알로 창동점,서울 도봉구 노해로62길 36 1층,서울 도봉구 창동 662-92,,02-906-5004,//t1.kakaocdn.net/thumb/T800x0.q80/?fname=http%3A%2F%2Ft1.daumcdn.net%2Fplace%2FDFD972FD05EB4F019154F469A49A619B,https://place.map.kakao.com/102061915,127.0377562,37.64965338
카페일월생,"서울 도봉구 해등로 180 112, 113호",서울 도봉구 쌍문동 45-6,월~금 11:00 ~ 22:00,,//t1.kakaocdn.net/thumb/T800x0.q80/?fname=http%3A%2F%2Ft1.daumcdn.net%2Fplace%2FBA9B21FA623C4789AB11F76BE1902D74,https://place.map.kakao.com/883270874,127.0368573,37.65777133
카페봄봄,서울 도봉구 덕릉로63가길 61,서울 도봉구 창동 804,,,,https://place.map.kakao.com/512121981,127.0373306,37.64260638
이디야커피 방학역점,서울 도봉구 도봉로153길 15 1층,서울 도봉구 방학동 652-21,월~금 08:30 ~ 22:00,02-956-8406,,https://place.map.kakao.com/26487038,127.042538,37.66979536
컴포즈커피 방학신동아점,서울 도봉구 시루봉로 106,서울 도봉구 방학동 484-15,매일 08:30 ~ 21:30,02-955-4237,//t1.kakaocdn.net/thumb/T800x0.q80/?fname=http%3A%2F%2Ft1.daumcdn.net%2Fplace%2F3D846F2863674C8DB5402D21C208AFC5,https://place.map.kakao.com/1391240256,127.0278282,37.66008924
컴포즈커피 신창시장점,서울 도봉구 덕릉로 253 1층,서울 도봉구 창동 601-32,,02-2088-2124,//t1.kakaocdn.net/thumb/T800x0.q80/?fname=http%3A%2F%2Ft1.daumcdn.net%2Fplace%2F99CFCA158405445E85F69BA2D4D85EA8,https://place.map.kakao.com/128804207,127.0393961,37.64029729
빽다방 쌍문세라믹점,서울 도봉구 도당로 10,서울 도봉구 쌍문동 19,매일 08:30 ~ 22:00,02-995-5551,//t1.kakaocdn.net/thumb/T800x0.q80/?fname=http%3A%2F%2Ft1.daumcdn.net%2Flocal%2FkakaomapPhoto%2Freview%2F4ce463a38ded6bbecc3a5e6d693771116ce49e88%3Foriginal,https://place.map.kakao.com/1967724048,127.0353085,37.65909265
공차 방학역점,"서울 도봉구 도봉로150길 43 ESA2단지아파트 상가 1층 108,109호",서울 도봉구 방학동 716-5,매일 09:00 ~ 23:00,02-956-1231,//t1.kakaocdn.net/thumb/T800x0.q80/?fname=http%3A%2F%2Ft1.daumcdn.net%2Fplace%2FEBA54322D8ED40BCA425EAE4EBD00E73,https://place.map.kakao.com/907257139,127.0458471,37.66629345
이디야커피 도봉보건소사거리점,서울 도봉구 해등로 157 1층,서울 도봉구 쌍문동 651,매일 08:00 ~ 22:00,02-999-2651,,https://place.map.kakao.com/18157412,127.0388215,37.6567853
이디야커피 솔밭공원역점,서울 도봉구 삼양로 594 1층 101호,서울 도봉구 쌍문동 507-61,매일 09:00 ~ 21:00,02-905-6969,//t1.kakaocdn.net/thumb/T800x0.q80/?fname=http%3A%2F%2Ft1.daumcdn.net%2Fplace%2FB51F28000F064A369AEB85C21FB5B1F3,https://place.map.kakao.com/224979662,127.0135569,37.65605823
이디야커피 신창점,서울 도봉구 덕릉로 235 1층,서울 도봉구 창동 578-146,매일 08:30 ~ 23:00,02-6111-9140,//t1.kakaocdn.net/thumb/T800x0.q80/?fname=http%3A%2F%2Ft1.daumcdn.net%2Fplace%2FB7D580549AAF4277A753C1B5D8FD28C8,https://place.map.kakao.com/23735332,127.0381095,37.63893795
이디야커피 방학사거리점,서울 도봉구 도봉로 677 1층,서울 도봉구 방학동 703-17,월~금 08:00 ~ 23:00,02-955-1760,,https://place.map.kakao.com/1225034495,127.0423183,37.66492978
디어맘카페,서울 도봉구 마들로 895 도봉파크빌3단지아파트 상가 1층 103호,서울 도봉구 도봉동 644,화~금 09:30 ~ 19:00,010-2556-7855,//t1.kakaocdn.net/thumb/T800x0.q80/?fname=http%3A%2F%2Ft1.kakaocdn.net%2Fmystore%2F2F7FE6F036C742D084316778478CD6EE,https://place.map.kakao.com/1338584242,127.0481035,37.68795821
오살랑마켓,서울 도봉구 도봉로143길 50 1층,서울 도봉구 방학동 675-16,화~일 11:00 ~ 22:00,02-3493-7070,//t1.kakaocdn.net/thumb/T800x0.q80/?fname=http%3A%2F%2Ft1.kakaocdn.net%2Fmystore%2F9E12CAFB43154329B42725FB1B5A7C68,https://place.map.kakao.com/1755316539,127.0392883,37.66189524
카페더문,서울 도봉구 도봉로147길 20 1층,서울 도봉구 방학동 683-22,화~일 12:00 ~ 11:00,070-4383-6358,//t1.kakaocdn.net/thumb/T800x0.q80/?fname=http%3A%2F%2Ft1.kakaocdn.net%2Fmystore%2F8D0BFB7571514C419548C5EEAED39064,https://place.map.kakao.com/1300572051,127.0415248,37.66519819
카페말로 도봉점,서울 도봉구 도봉로152가길 182-1,서울 도봉구 도봉동 92-54,월~토 09:00 ~ 21:00,02-956-5078,//t1.kakaocdn.net/thumb/T800x0.q80/?fname=http%3A%2F%2Ft1.daumcdn.net%2Fcfile%2F24075948524A54472D,https://place.map.kakao.com/21194749,127.0455046,37.67761736
24시무인카페 커피하라,서울 도봉구 삼양로154길 41 1층,서울 도봉구 쌍문동 492-9,,0507-173-4042,//t1.kakaocdn.net/thumb/T800x0.q80/?fname=http%3A%2F%2Ft1.kakaocdn.net%2Fmystore%2F64FBAC28C0BA4F5FAFB35EB292FB0E68,https://place.map.kakao.com/2085262325,127.015496,37.65581464
까누,서울 도봉구 도봉로112길 33 1층,서울 도봉구 창동 657-35,화~일 12:00 ~ 20:00,02-991-1110,//t1.kakaocdn.net/thumb/T800x0.q80/?fname=http%3A%2F%2Ft1.kakaocdn.net%2Fmystore%2FCD6ACB6DCFD244259DD75E1AF4987CB8,https://place.map.kakao.com/740099161,127.0365666,37.64697513
이디야커피 창동현대타운점,서울 도봉구 도봉로114길 22 1층,서울 도봉구 창동 657-142,매일 08:00 ~ 22:30,02-906-3219,//t1.kakaocdn.net/thumb/T800x0.q80/?fname=http%3A%2F%2Ft1.daumcdn.net%2Fplace%2FFC275346C2A842C492F9A49BE24A29DE,https://place.map.kakao.com/27440664,127.0356533,37.64737346
이디야커피 쌍문동점,서울 도봉구 노해로 162 1층,서울 도봉구 쌍문동 342-3,매일 09:00 ~ 22:00,02-998-7007,//t1.kakaocdn.net/thumb/T800x0.q80/?fname=http%3A%2F%2Ft1.daumcdn.net%2Flocalfiy%2FAB80559A10D74261BD124A05CF692CC2,https://place.map.kakao.com/359121892,127.0273025,37.64883573
빽다방 방학역점,서울 도봉구 도봉로153길 20 1층,서울 도봉구 도봉동 619-17,월~금 08:30 ~ 22:00,02-954-8748,//t1.kakaocdn.net/thumb/T800x0.q80/?fname=http%3A%2F%2Ft1.daumcdn.net%2Fplace%2F875E124EF35D4477A4739DFC5D05E56C,https://place.map.kakao.com/2056831062,127.0423533,37.67002175
컴포즈커피 덕성여대점,서울 도봉구 삼양로 538,서울 도봉구 쌍문동 423-47,매일 09:00 ~ 23:00,,,https://place.map.kakao.com/261222094,127.0131745,37.65106151
카페부기,서울 도봉구 도봉로114길 29-5 남양캐슬 101호,서울 도봉구 창동 657-123,목요일,,,https://place.map.kakao.com/95085709,127.0359114,37.64769981
더벤티 도봉점,서울 도봉구 도봉로180길 28 201동 1층 101호,서울 도봉구 도봉동 62-43,매일 08:00 ~ 22:30,,,https://place.map.kakao.com/35112234,127.0475086,37.68288865
이디야커피 창동대우점,서울 도봉구 덕릉로63가길 30 1층,서울 도봉구 창동 609-156,매일 08:00 ~ 22:00,02-993-3050,,https://place.map.kakao.com/294218766,127.0387451,37.64348609
컴포즈커피 강북힘찬병원점,서울 도봉구 도봉로 446 1층,서울 도봉구 창동 650-46,월~토 08:00 ~ 20:00,070-8680-5562,//t1.kakaocdn.net/thumb/T800x0.q80/?fname=http%3A%2F%2Ft1.daumcdn.net%2Fplace%2F00D96D26A6B84186AF8A4AC482367FF9,https://place.map.kakao.com/1773442942,127.0333771,37.64566253
만스에스테이트 도봉점,서울 도봉구 도봉로180길 20 도봉투웨니퍼스트1단지 101동 1층 103호,서울 도봉구 도봉동 62-3,매일 08:30 ~ 21:00,,//t1.kakaocdn.net/thumb/T800x0.q80/?fname=http%3A%2F%2Ft1.daumcdn.net%2Fplace%2F3D71FE3DBD8E4B07A2D47FAC48D42D6B,https://place.map.kakao.com/1512957882,127.046987,37.68284705
빽다방 도봉구민회관점,서울 도봉구 도봉로 551 경덕빌딩 1층,서울 도봉구 쌍문동 694,매일 08:00 ~ 21:30,02-902-1711,,https://place.map.kakao.com/320476505,127.0377589,37.6544885
세이지,서울 도봉구 해등로 241-55 2층,서울 도봉구 쌍문동 167-6,"월,화,목,금 09:00 ~ 18:00",010-493-4594,//t1.kakaocdn.net/thumb/T800x0.q80/?fname=http%3A%2F%2Ft1.daumcdn.net%2Fplace%2FA920F2C7B9144B948689C2CF6DC52F74,https://place.map.kakao.com/555661577,127.0309792,37.65598106
티끌,서울 도봉구 노해로 235 상가 1층,서울 도봉구 쌍문동 85-31,화~토 11:30 ~ 19:00,0507-1319-9534,//t1.kakaocdn.net/thumb/T800x0.q80/?fname=http%3A%2F%2Ft1.kakaocdn.net%2Fmystore%2F66356E2578DA49B2A26263953CC81F42,https://place.map.kakao.com/1315491519,127.0342784,37.65138757
카페크레프리,서울 도봉구 삼양로144길 18 2층,서울 도봉구 쌍문동 422-80,월~금 10:00 ~ 21:00,,//t1.kakaocdn.net/thumb/T800x0.q80/?fname=http%3A%2F%2Ft1.daumcdn.net%2Fplace%2FFD5672E756D04826979A5DCCA5272B92,https://place.map.kakao.com/1361020553,127.0138777,37.65136434
이디야커피 쌍문중앙점,"서울 도봉구 도봉로 519 1, 2층",서울 도봉구 쌍문동 80-18,월~금 08:00 ~ 22:00,02-905-0045,,https://place.map.kakao.com/1735961831,127.0363206,37.65194881
이디야커피 방학점,서울 도봉구 방학로 171 1층 102호,서울 도봉구 방학동 670,매일 08:30 ~ 23:00,02-954-6549,//t1.kakaocdn.net/thumb/T800x0.q80/?fname=http%3A%2F%2Ft1.daumcdn.net%2Fcfile%2F121341174B872A2602,https://place.map.kakao.com/15775630,127.033248,37.66216694
메가MGC커피 쌍문선덕점,서울 도봉구 해등로 255 101동상가 107호,서울 도봉구 쌍문동 256,매일 07:30 ~ 23:30,02-900-2777,//t1.kakaocdn.net/thumb/T800x0.q80/?fname=http%3A%2F%2Ft1.daumcdn.net%2Fplace%2F9C1CFB3F26F74009848385156CFCD4F0,https://place.map.kakao.com/1769392204,127.0281918,37.65737486
이디야커피 선덕고사거리점,"서울 도봉구 해등로 255 에벤에셀아파트101동 209, 225호",서울 도봉구 쌍문동 256,"월,수,목,금 08:00 ~ 24:00",02-906-0256,,https://place.map.kakao.com/1839381490,127.0281918,37.65737486
컴포즈커피 방학선덕점,서울 도봉구 시루봉로 59 1층 101호,서울 도봉구 쌍문동 262-10,매일 08:00 ~ 22:00,02-905-1050,,https://place.map.kakao.com/450620353,127.0277207,37.65618486
카페그린버디,서울 도봉구 마들로 932 평화문화진지 1동 1층 102호,서울 도봉구 도봉동 8,,,//t1.kakaocdn.net/thumb/T800x0.q80/?fname=http%3A%2F%2Ft1.daumcdn.net%2Fplace%2F45E4E60B242944AE80E6B5831C7F32EB,https://place.map.kakao.com/410969950,127.0468126,37.69078014
이디야커피 창동블루핀점,서울 도봉구 마들로 550 1층,서울 도봉구 창동 743-28,매일 09:00 ~ 22:00,02-905-1209,//t1.kakaocdn.net/thumb/T800x0.q80/?fname=http%3A%2F%2Ft1.daumcdn.net%2Flocalfiy%2Fsearchregister_724028687,https://place.map.kakao.com/870600856,127.0496422,37.66046022
더벤티 창동점,서울 도봉구 마들로 550 1동 103호,서울 도봉구 창동 743-28,매일 08:30 ~ 22:00,02-903-3675,//t1.kakaocdn.net/thumb/T800x0.q80/?fname=http%3A%2F%2Ft1.kakaocdn.net%2Ffiy_reboot%2Fplace%2F89B69A79C913445992FCE886B93C06A3,https://place.map.kakao.com/727963121,127.0496422,37.66046022
메가MGC커피 창동중앙점,서울 도봉구 도봉로110길 68 1층,서울 도봉구 창동 621-54,,02-991-2990,//t1.kakaocdn.net/thumb/T800x0.q80/?fname=http%3A%2F%2Ft1.daumcdn.net%2Fplace%2F6AF47E89A0634E1E95471C91D2E72356,https://place.map.kakao.com/137544143,127.0373748,37.64611597
컴포즈커피 쌍문역점,서울 도봉구 도봉로 488 1층,서울 도봉구 창동 659-3,,02-904-3339,//t1.kakaocdn.net/thumb/T800x0.q80/?fname=http%3A%2F%2Ft1.daumcdn.net%2Fplace%2FC2FC4DBA7FD649D89B47F9690D6FDA79,https://place.map.kakao.com/1541229430,127.0352659,37.64899508
카페봄날,서울 도봉구 도당로15길 36 송학휴스테이상가 102동 1층 101호,서울 도봉구 방학동 636,,,,https://place.map.kakao.com/1684293987,127.0359213,37.66712084
메가MGC커피 창동대우점,서울 도봉구 덕릉로63가길 17 1층,서울 도봉구 창동 607-46,,02-991-2999,,https://place.map.kakao.com/847497331,127.0393902,37.64349435
공차 창동역점,서울 도봉구 노해로65길 10 동순그린빌딩 1층,서울 도봉구 창동 75-13,,,//t1.kakaocdn.net/thumb/T800x0.q80/?fname=http%3A%2F%2Ft1.daumcdn.net%2Fplace%2F9AE17E06372C4CD4BC600142AA6A9561,https://place.map.kakao.com/1381526855,127.0466106,37.65184537
이디야커피 창동학원가점,서울 도봉구 해등로16길 61 1층,서울 도봉구 창동 288-40,매일 09:00 ~ 22:30,02-993-3824,,https://place.map.kakao.com/18300341,127.0433556,37.65513564
솔비커피숍,서울 도봉구 도당로 79,서울 도봉구 방학동 662-35,,02-985-7699,,https://place.map.kakao.com/27322965,127.0358282,37.6649359
24시무인카페만월경 우이천점,서울 도봉구 우이천로4라길 11-19,서울 도봉구 창동 491-9,,,//t1.kakaocdn.net/thumb/T800x0.q80/?fname=http%3A%2F%2Ft1.daumcdn.net%2Fplace%2F7D71A07B08EE4228967EB3F76C82F4E3,https://place.map.kakao.com/1969129873,127.0425801,37.63384541
더벤티 신방학점,서울 도봉구 방학로 172 1층,서울 도봉구 방학동 665-17,매일 09:00 ~ 21:00,02-955-2502,,https://place.map.kakao.com/1987279455,127.033208,37.66257474
더시루봉,서울 도봉구 시루봉로15길 57,서울 도봉구 방학동 608-17,,,//t1.kakaocdn.net/thumb/T800x0.q80/?fname=http%3A%2F%2Ft1.daumcdn.net%2Fplace%2FF698DFB7CB6240FB8A16629E582B3D28,https://place.map.kakao.com/820707969,127.0311974,37.6691747
이디야커피 덕성여대점,서울 도봉구 삼양로 542 1층,서울 도봉구 쌍문동 423-19,매일 09:00 ~ 22:00,02-998-9799,//t1.kakaocdn.net/thumb/T800x0.q80/?fname=http%3A%2F%2Ft1.daumcdn.net%2Fcfile%2F13777C434D9BF1673A,https://place.map.kakao.com/13062101,127.0129714,37.65162168
커피에반하다 쌍문역시티프라디움점,서울 도봉구 노해로 144 쌍문동시티프라디움아파트 근린상가 102동 1층 104호,서울 도봉구 쌍문동 734,매일 08:00 ~ 22:00,02-999-1633,//t1.kakaocdn.net/thumb/T800x0.q80/?fname=http%3A%2F%2Ft1.kakaocdn.net%2Ffiy_reboot%2Fplace%2FE76079D6AD774AE791842A3114AB7EB1,https://place.map.kakao.com/1282079067,127.0261732,37.64742073
헬로우옐로우,서울 도봉구 노해로38길 7 1층 1호,서울 도봉구 쌍문동 724-1,월~토 10:30 ~ 22:00,,//t1.kakaocdn.net/thumb/T800x0.q80/?fname=http%3A%2F%2Ft1.daumcdn.net%2Fplace%2F2B3887B110094EAAA7F3C94233D9064A,https://place.map.kakao.com/851705005,127.0256738,37.6463738
우리동네커피집,서울 도봉구 도봉산4길 28-3 1층,서울 도봉구 도봉동 286-1,매일 10:00 ~ 21:00,,//t1.kakaocdn.net/thumb/T800x0.q80/?fname=http%3A%2F%2Ft1.daumcdn.net%2Fplace%2FD749D025E0E741669986CD4732E9E68D,https://place.map.kakao.com/26874652,127.0427597,37.68886089
선호하다,서울 도봉구 시루봉로 70 동방빌딩 104호,서울 도봉구 쌍문동 257-2,화~금 12:00 ~ 20:00,02-999-1400,//t1.kakaocdn.net/thumb/T800x0.q80/?fname=http%3A%2F%2Ft1.daumcdn.net%2Fplace%2F785AE0796FFB49939FB69CDFA8E70EB6,https://place.map.kakao.com/56086492,127.0281906,37.65694869
와플살롱,서울 도봉구 우이천로20길 37 1층,서울 도봉구 창동 635-2,월~토 10:00 ~ 21:30,02-999-4563,//t1.kakaocdn.net/thumb/T800x0.q80/?fname=http%3A%2F%2Ft1.kakaocdn.net%2Ffiy_reboot%2Fplace%2FB0B9652EC3004A1F87B8902EA052B9A9,https://place.map.kakao.com/1223294846,127.0350416,37.64196369
더벤티 창동역점,서울 도봉구 마들로11길 73 1층 101호,서울 도봉구 창동 3-3,,,,https://place.map.kakao.com/1882013483,127.0490606,37.65325675
라곰커피로스터리,서울 도봉구 도봉로145나길 3 1층,서울 도봉구 방학동 682-28,"월,화,목,금,토 11:00 ~ 22:00",,//t1.kakaocdn.net/thumb/T800x0.q80/?fname=http%3A%2F%2Ft1.daumcdn.net%2Fplace%2FBAB760D77A9F4A33B1B74D37CA20596A,https://place.map.kakao.com/1115003233,127.0418582,37.66481849
이디야커피 창동제일점,서울 도봉구 노해로70길 81 1층,서울 도봉구 창동 33-3,매일 09:00 ~ 21:00,02-998-4660,,https://place.map.kakao.com/1493910396,127.0525697,37.64883051
포트캔커피 방학점,서울 도봉구 도당로 134 도봉새마을금고 1층 113호,서울 도봉구 방학동 702,,,,https://place.map.kakao.com/78266538,127.0411507,37.66701669
카페노브,서울 도봉구 도당로27길 38 1층,서울 도봉구 방학동 650-3,매일 09:00 ~ 19:30,,//t1.kakaocdn.net/thumb/T800x0.q80/?fname=http%3A%2F%2Ft1.daumcdn.net%2Flocalfiy%2F731C653253974D739AE628B6BFD388B3,https://place.map.kakao.com/730671755,127.0410814,37.66902626
더쌍화커피 쌍문동점,서울 도봉구 도봉로 415 1층,서울 도봉구 쌍문동 103-69,매일 10:00 ~ 22:30,,//t1.kakaocdn.net/thumb/T800x0.q80/?fname=http%3A%2F%2Ft1.daumcdn.net%2Fplace%2FCEC9452D94224405B2CC71DA81C991D8,https://place.map.kakao.com/1567589438,127.0311107,37.64357377
썬스마일,서울 도봉구 해등로36길 4 1층,서울 도봉구 쌍문동 519-3,화~토 11:00 ~ 23:00 · 휴게시간 화~토 15:00 ~ 18:30,010-6659-2565,//t1.kakaocdn.net/thumb/T800x0.q80/?fname=http%3A%2F%2Ft1.daumcdn.net%2Fplace%2F32920B05024A4C3D89C32A6CDAD10D92,https://place.map.kakao.com/1547992456,127.0152477,37.65794135
유리키친,서울 도봉구 도봉로180나길 41 도봉한신아파트상가 1동 지하1층 19~22호,서울 도봉구 도봉동 30-1,,,//t1.kakaocdn.net/thumb/T800x0.q80/?fname=http%3A%2F%2Ft1.daumcdn.net%2Fplace%2F7C58ED85599842608D5132F9F41170AB,https://place.map.kakao.com/564035782,127.0498958,37.68434454
윈썸35,서울 도봉구 해등로32가길 40,서울 도봉구 방학동 560-3,,,//t1.kakaocdn.net/thumb/T800x0.q80/?fname=http%3A%2F%2Ft1.daumcdn.net%2Fplace%2FCEEC0A975312436A80BBAD1F071DAF5F,https://place.map.kakao.com/1716169530,127.0213366,37.66104492
텀브커피 쌍문점,서울 도봉구 도봉로109길 27,서울 도봉구 쌍문동 103-44,,02-907-5525,//t1.kakaocdn.net/thumb/T800x0.q80/?fname=http%3A%2F%2Ft1.daumcdn.net%2Flocalfiy%2Fsearchregister_869512990,https://place.map.kakao.com/1997611999,127.0317242,37.64687103
더벤티 방학역점,서울 도봉구 도봉로153길 14 1층,서울 도봉구 도봉동 619-20,매일 08:00 ~ 22:00,,//t1.kakaocdn.net/thumb/T800x0.q80/?fname=http%3A%2F%2Ft1.daumcdn.net%2Fplace%2F79651FCA19C14ABB96F97D242DE92D5F,https://place.map.kakao.com/2074461998,127.0427321,37.66998458
LEES리스,서울 도봉구 도당로13길 37 1층,서울 도봉구 방학동 632-48,,02-6013-0981,//t1.kakaocdn.net/thumb/T800x0.q80/?fname=http%3A%2F%2Ft1.kakaocdn.net%2Fmystore%2F9ED94C74208F44A298971D8E892D84AF,https://place.map.kakao.com/844026515,127.0344595,37.66617038
봉명동내커피 도봉구점,서울 도봉구 도봉로123길 10,서울 도봉구 쌍문동 81-201,,,//t1.kakaocdn.net/thumb/T800x0.q80/?fname=http%3A%2F%2Ft1.daumcdn.net%2Fplace%2F00866D4D3EDE452480553E6CB75EC983,https://place.map.kakao.com/392540193,127.0363276,37.65275834
빙수의여신 도봉점,서울 도봉구 도당로13나길 3 1층,서울 도봉구 방학동 634-4,매일 12:00 ~ 01:00,02-954-1255,//t1.kakaocdn.net/thumb/T800x0.q80/?fname=http%3A%2F%2Ft1.daumcdn.net%2Fplace%2FB413CDF2144641C29633B318E2964A65,https://place.map.kakao.com/1319213154,127.0352873,37.66597029
컴포즈커피 도봉산입구점,서울 도봉구 도봉산길 51,서울 도봉구 도봉동 554-3,,,,https://place.map.kakao.com/1651403322,127.0399213,37.68689955
커피배우다,서울 도봉구 삼양로142길 7 1층,서울 도봉구 쌍문동 423-94,월~금 08:00 ~ 18:00,010-4643-5712,//t1.kakaocdn.net/thumb/T800x0.q80/?fname=http%3A%2F%2Ft1.daumcdn.net%2Fplace%2FD74420E482F246788912EE47BFE70D9E,https://place.map.kakao.com/129036003,127.0137654,37.65060312
포시즌살롱,서울 도봉구 도봉로110길 39-9,서울 도봉구 창동 651-79,화~토 11:00 ~ 19:00,010-4482-8501,//t1.kakaocdn.net/thumb/T800x0.q80/?fname=http%3A%2F%2Ft1.daumcdn.net%2Fplace%2F31CC245273BE4706ADF3A703D7A45FED,https://place.map.kakao.com/1161808953,127.035582,37.64659774
다다,서울 도봉구 도봉로152길 23-4,서울 도봉구 도봉동 622-81,매일 11:00 ~ 22:00,02-955-5957,//t1.kakaocdn.net/thumb/T800x0.q80/?fname=http%3A%2F%2Ft1.kakaocdn.net%2Ffiy_reboot%2Fplace%2FF846249E34034D388F52132314D753A0,https://place.map.kakao.com/1914740614,127.0453345,37.66964007
에그카페24 쌍문점,서울 도봉구 해등로 255 에벤에셀아파트 2층 217호,서울 도봉구 쌍문동 256,,010-8673-4033,//t1.kakaocdn.net/thumb/T800x0.q80/?fname=http%3A%2F%2Ft1.kakaocdn.net%2Fmystore%2FAEF5F232ADCE46488D54B08FD57637C2,https://place.map.kakao.com/110310266,127.0281918,37.65737486
구운당,서울 도봉구 덕릉로 218,서울 도봉구 창동 552-45,,,//t1.kakaocdn.net/thumb/T800x0.q80/?fname=http%3A%2F%2Ft1.daumcdn.net%2Fplace%2F240B0324082C47A68F8DFE4182D36963,https://place.map.kakao.com/1860516233,127.0371565,37.63740415
카페인중독 창동점,서울 도봉구 해등로16길 104-8 1층,서울 도봉구 창동 254-25,매일 11:00 ~ 23:00,02-991-1533,//t1.kakaocdn.net/thumb/T800x0.q80/?fname=http%3A%2F%2Ft1.daumcdn.net%2Flocalfiy%2FB1E7B6F436394754ACD6714782519B19,https://place.map.kakao.com/1436014744,127.0454358,37.65422352
컴포즈커피 창동역서부점,서울 도봉구 노해로63길 78 1층 101호,서울 도봉구 창동 74-5,,02-990-0279,//t1.kakaocdn.net/thumb/T800x0.q80/?fname=http%3A%2F%2Ft1.daumcdn.net%2Fplace%2F57D6B37678F842B79423287FD40F4DBB,https://place.map.kakao.com/72063257,127.0463322,37.6525859
굿타임커피숍,서울 도봉구 도봉로156길 13 2층,서울 도봉구 도봉동 624-25,,02-954-5192,,https://place.map.kakao.com/516616241,127.0451623,37.67284231
한손에커피,서울 도봉구 노해로60길 38,서울 도봉구 쌍문동 141-50,,02-6439-4457,//t1.kakaocdn.net/thumb/T800x0.q80/?fname=http%3A%2F%2Ft1.daumcdn.net%2Fplace%2F1E20BD1CB017403FA352F2100000D90B,https://place.map.kakao.com/198626518,127.0341172,37.64967656
이요,서울 도봉구 삼양로142길 33 1층,서울 도봉구 쌍문동 422-82,월~금 08:30 ~ 19:00,,,https://place.map.kakao.com/128075118,127.0143159,37.65140826
24시무인카페 만월경,서울 도봉구 덕릉로63가길 22 1층,서울 도봉구 창동 609-148,,,,https://place.map.kakao.com/1150680267,127.0391402,37.64364264
오카페,서울 도봉구 도봉로145길 78,서울 도봉구 방학동 698-21,,,//t1.kakaocdn.net/thumb/T800x0.q80/?fname=http%3A%2F%2Ft1.daumcdn.net%2Fplace%2F0DCAA1CBFDF648D29B67101D89A7D503,https://place.map.kakao.com/673591059,127.0382653,37.66474169
업투유,서울 도봉구 도당로27길 24 102호,서울 도봉구 방학동 649-39,"화,목,토 11:00 ~ 22:00",,//t1.kakaocdn.net/thumb/T800x0.q80/?fname=http%3A%2F%2Ft1.kakaocdn.net%2Ffiy_reboot%2Fplace%2FF5E2436476F14CE3AC0220362CBB00DF,https://place.map.kakao.com/1251588394,127.0410268,37.66847073
24시무인카페 더웨일,서울 도봉구 덕릉로 398 116호,서울 도봉구 창동 38-1,매일 00:00 ~ 24:00,,//t1.kakaocdn.net/thumb/T800x0.q80/?fname=http%3A%2F%2Ft1.kakaocdn.net%2Ffiy_reboot%2Fplace%2FD395B36D8C5E4D07B91A4B797A460BBB,https://place.map.kakao.com/832224226,127.0531319,37.64577665
메가MGC커피 서울쌍문초점,서울 도봉구 노해로41길 32 1층,서울 도봉구 쌍문동 306-29,,02-900-6555,//t1.kakaocdn.net/thumb/T800x0.q80/?fname=http%3A%2F%2Ft1.daumcdn.net%2Fplace%2F8E2DEE5E86CD442A8595B146C475E354,https://place.map.kakao.com/2030555179,127.0257316,37.64994673
이디야커피 도봉중앙점,서울 도봉구 도봉로181길 18 1층,서울 도봉구 도봉동 568-33,월~금 09:00 ~ 23:00,02-954-5210,,https://place.map.kakao.com/27501925,127.0449033,37.68416257
더쌍화커피,서울 도봉구 노해로69길 21 1층,서울 도봉구 창동 12-3,,,//t1.kakaocdn.net/thumb/T800x0.q80/?fname=http%3A%2F%2Ft1.daumcdn.net%2Fplace%2F6C504414F86A4019A3C7EA12B5B04CE3,https://place.map.kakao.com/2111250465,127.0505635,37.65326306
달콤스푼,서울 도봉구 우이천로4라길 29,서울 도봉구 창동 504-9,,02-904-6004,,https://place.map.kakao.com/1815707400,127.0421109,37.63281241
요거프레소 도봉산점,서울 도봉구 도봉산길 13 1층,서울 도봉구 도봉동 556-19,매일 10:00 ~ 22:00,02-955-0772,//t1.kakaocdn.net/thumb/T800x0.q80/?fname=http%3A%2F%2Ft1.daumcdn.net%2Fplace%2FDB91827B2C61441AA90300050703D1B7,https://place.map.kakao.com/27502282,127.0442328,37.68721227
레몬집,서울 도봉구 도봉로152길 35-4 1층,서울 도봉구 도봉동 622-59,매일 10:00 ~ 21:00,,//t1.kakaocdn.net/thumb/T800x0.q80/?fname=http%3A%2F%2Ft1.daumcdn.net%2Flocal%2FkakaomapPhoto%2Freview%2F356b20127d91f23f17ec787dd1fe4f8aca0bad7c%3Foriginal,https://place.map.kakao.com/927426672,127.0459271,37.66957668
나우커피 서울방학점,서울 도봉구 도당로17길 13 1층,서울 도봉구 방학동 637-23,매일 00:00 ~ 24:00,1544-4866,,https://place.map.kakao.com/92276642,127.0377176,37.66699342
하이투피플,서울 도봉구 우이천로 483 1층,서울 도봉구 쌍문동 492-3,월~토 12:00 ~ 22:00,,//t1.kakaocdn.net/thumb/T800x0.q80/?fname=http%3A%2F%2Ft1.daumcdn.net%2Fplace%2FE42A2E7474E543DBAC5DA77A5BE59E45,https://place.map.kakao.com/1612110439,127.0154638,37.65621945
사이커피바,서울 도봉구 도당로9길 22,서울 도봉구 방학동 666-12,화~일 12:00 ~ 21:00,,//t1.kakaocdn.net/thumb/T800x0.q80/?fname=http%3A%2F%2Ft1.daumcdn.net%2Fplace%2F0EB466FC79444F72BCF3B42C73CD3E34,https://place.map.kakao.com/1759763888,127.0332813,37.66303881
피엘+플래이플레이스,서울 도봉구 방학로2길 35 2층,서울 도봉구 방학동 687-34,매일 00:00 ~ 24:00,010-5672-5036,//t1.kakaocdn.net/thumb/T800x0.q80/?fname=http%3A%2F%2Ft1.kakaocdn.net%2Fmystore%2F7E0BF0A2AAFB4C859FDFCFD6489CC40E,https://place.map.kakao.com/498924464,127.0407887,37.66452929
유영정원,서울 도봉구 도봉로181길 38 1층,서울 도봉구 도봉동 568-48,매일 08:00 ~ 20:00,063-8633-0630,//t1.kakaocdn.net/thumb/T800x0.q80/?fname=http%3A%2F%2Ft1.kakaocdn.net%2Fmystore%2FE5532DE31D624D3DB0C3D82E60B5514E,https://place.map.kakao.com/1093978225,127.0437813,37.68440211
쌍문동카페,서울 도봉구 우이천로38길 25,서울 도봉구 쌍문동 452-16,,,,https://place.map.kakao.com/1763428975,127.0226624,37.65068067
꿈빚는마을 방아골,서울 도봉구 시루봉로15라길 31,서울 도봉구 방학동 397-7,,,,https://place.map.kakao.com/26467188,127.0331674,37.66925021
빈트리커피 방학점,서울 도봉구 방학로15길 13,서울 도봉구 방학동 465-10,월~토 10:00 ~ 22:00,,//t1.kakaocdn.net/thumb/T800x0.q80/?fname=http%3A%2F%2Ft1.daumcdn.net%2Fplace%2FAC37C3D3D4F14F559DBD69F321FF8D0A,https://place.map.kakao.com/27502107,127.0241632,37.66080372
제리당,서울 도봉구 도봉로109길 23 1층,서울 도봉구 쌍문동 103-46,매일 12:00 ~ 20:00,,//t1.kakaocdn.net/thumb/T800x0.q80/?fname=http%3A%2F%2Ft1.daumcdn.net%2Fplace%2FD2E02F8BC8C34061BCF17074273DDDFC,https://place.map.kakao.com/1419838151,127.0319922,37.64681023
인사노,서울 도봉구 도봉로 506 1층,서울 도봉구 창동 661-3,,070-8610-2766,//t1.kakaocdn.net/thumb/T800x0.q80/?fname=http%3A%2F%2Ft1.kakaocdn.net%2Fmystore%2FA9743F9626894C338C06B09B5B8927B8,https://place.map.kakao.com/535872408,127.0360959,37.65037351
비밀베이커리,서울 도봉구 노해로 341,서울 도봉구 창동 338,,,//t1.kakaocdn.net/thumb/T800x0.q80/?fname=http%3A%2F%2Ft1.daumcdn.net%2Fplace%2F4EE2ADBE2AAE48BD93FFE587F6D3C246,https://place.map.kakao.com/1915243283,127.045913,37.65144524
153카페,서울 도봉구 우이천로 351,서울 도봉구 쌍문동 372-5,,02-902-9123,//t1.kakaocdn.net/thumb/T800x0.q80/?fname=http%3A%2F%2Ft1.daumcdn.net%2Flocal%2FkakaomapPhoto%2Freview%2Fc48e330f1e5576bf8fdc775cad0f4a088f72397c%3Foriginal,https://place.map.kakao.com/739758048,127.0249605,37.64759461
카페502바리스타아카데미,서울 도봉구 덕릉로 232 2층,서울 도봉구 창동 557-97,,02-905-3399,//t1.kakaocdn.net/thumb/T800x0.q80/?fname=http%3A%2F%2Ft1.daumcdn.net%2Flocalfiy%2Fsearchregister_226800578,https://place.map.kakao.com/1227662457,127.0381475,37.63842158
레게노,서울 도봉구 덕릉로60자길 2 1층,서울 도봉구 창동 457-14,매일 11:00 ~ 24:00,,//t1.kakaocdn.net/thumb/T800x0.q80/?fname=http%3A%2F%2Ft1.kakaocdn.net%2Ffiy_reboot%2Fplace%2FA30B0D056A084CFCA56063546A4D561F,https://place.map.kakao.com/1958158450,127.0410332,37.63727907
요거트월드,서울 도봉구 도봉로169나길 56,서울 도봉구 도봉동 597-43,,02-937-2075,//t1.kakaocdn.net/thumb/T800x0.q80/?fname=http%3A%2F%2Ft1.daumcdn.net%2Flocal%2FkakaomapPhoto%2Freview%2Fa794a6c5a0689596968838ece543633fdab40b28%3Foriginal,https://place.map.kakao.com/795006079,127.0435856,37.67723589
카페향,서울 도봉구 시루봉로15나길 11,서울 도봉구 방학동 604-34,월~토 10:00 ~ 19:00,,//t1.kakaocdn.net/thumb/T800x0.q80/?fname=http%3A%2F%2Ft1.daumcdn.net%2Fplace%2FD77CE5B6272D43119C1F980CBAFCC5DB,https://place.map.kakao.com/1630352076,127.0332634,37.66820234
아엘커피,서울 도봉구 도봉로146길 21 1층,서울 도봉구 방학동 707-11,월~금 10:00 ~ 22:00,,//t1.kakaocdn.net/thumb/T800x0.q80/?fname=http%3A%2F%2Ft1.daumcdn.net%2Fplace%2FCD533AA970BF4AFBAF71A027984CF9CA,https://place.map.kakao.com/1193230292,127.0441109,37.66444611
영플랜츠&갤러리영,서울 도봉구 도봉로135길 28 1층,서울 도봉구 쌍문동 713-15,화~일 10:30 ~ 22:00,,,https://place.map.kakao.com/1697807577,127.0390922,37.6592475
블루커피 창동점,서울 도봉구 도봉로 526 1층,서울 도봉구 창동 700-29,매일 11:30 ~ 21:30,02-6221-1770,//t1.kakaocdn.net/thumb/T800x0.q80/?fname=http%3A%2F%2Ft1.daumcdn.net%2Fplace%2FB3F83C88E5204CD78F21117BC0D93E2C,https://place.map.kakao.com/1087501276,127.0371489,37.65200658
쥬씨 쌍문동점,서울 도봉구 해등로 190,서울 도봉구 쌍문동 723,,,,https://place.map.kakao.com/27474438,127.0357594,37.65821667
미하이로스터즈,서울 도봉구 덕릉로63길 54,서울 도봉구 창동 609-6,"월,화,수,목,금,일 08:30 ~ 20:00",02-992-7965,//t1.kakaocdn.net/thumb/T800x0.q80/?fname=http%3A%2F%2Ft1.daumcdn.net%2Fplace%2F141A5816401A4FAEA44CDBF6EFC98371,https://place.map.kakao.com/1971133204,127.0405546,37.64378741
나우커피 쌍문점,서울 도봉구 도봉로141길 39 1층,서울 도봉구 쌍문동 709-23,매일 00:00 ~ 24:00,1544-4866,//t1.kakaocdn.net/thumb/T800x0.q80/?fname=http%3A%2F%2Ft1.daumcdn.net%2Flocalfiy%2Fsearchregister_225253711,https://place.map.kakao.com/1517596494,127.0398088,37.6615636
카페그루,서울 도봉구 시루봉로 204,서울 도봉구 방학동 619-13,,,,https://place.map.kakao.com/1824020165,127.0332496,37.66709279
위드그레텔,서울 도봉구 도봉로129길 32 1층,서울 도봉구 쌍문동 69-43,매일 11:00 ~ 21:00,,//t1.kakaocdn.net/thumb/T800x0.q80/?fname=http%3A%2F%2Ft1.kakaocdn.net%2Ffiy_reboot%2Fplace%2F6BA1911127D44D6FABA12033643065E0,https://place.map.kakao.com/1589489772,127.0366597,37.65564301
달리는커피 창동역점,서울 도봉구 노해로65길 17 중앙빌딩 1층 102호,서울 도봉구 창동 331-2,월~금 08:00 ~ 20:00,02-907-8181,//t1.kakaocdn.net/thumb/T800x0.q80/?fname=http%3A%2F%2Ft1.daumcdn.net%2Flocalfiy%2Fsearchregister_1065375338,https://place.map.kakao.com/1423698188,127.0460958,37.65205919
카페 인,서울 도봉구 도봉로159길 19 1층,서울 도봉구 도봉동 603-5,월~금 08:00 ~ 20:00,,//t1.kakaocdn.net/thumb/T800x0.q80/?fname=http%3A%2F%2Ft1.daumcdn.net%2Fplace%2FAE32B08B282C4A40AA54277898201104,https://place.map.kakao.com/1564754885,127.0431031,37.67430825
줄서는 카페 커피힙덕,서울 도봉구 방학로3길 6 SYO빌딩 1층,서울 도봉구 방학동 676-21,월~금 08:30 ~ 19:30,010-6250-3500,//t1.kakaocdn.net/thumb/T800x0.q80/?fname=http%3A%2F%2Ft1.kakaocdn.net%2Fmystore%2F169F3091B5F9462A80E6E6C32DE6FA57,https://place.map.kakao.com/1235314960,127.0405685,37.66255072
무지개다방,서울 도봉구 도봉로 687,서울 도봉구 방학동 703-55,,02-955-9741,,https://place.map.kakao.com/21231693,127.0426472,37.66585398
커피마마 창동아이파크점,서울 도봉구 도봉로136가길 4,서울 도봉구 창동 750-2,,02-900-3717,,https://place.map.kakao.com/13085613,127.0414976,37.65884151
아크인터내셔널,서울 도봉구 시루봉로11길 25-4 1층,서울 도봉구 방학동 423-7,월~토 09:30 ~ 18:30,02-3491-0400,//t1.kakaocdn.net/thumb/T800x0.q80/?fname=http%3A%2F%2Ft1.daumcdn.net%2Fplace%2F6FC438A100424B35B3305B263AA201CD,https://place.map.kakao.com/18446353,127.0274361,37.66437665
레드문뷰티,서울 도봉구 우이천로4다길 69 1층,서울 도봉구 창동 537-10,월~토 11:00 ~ 22:00,02-568-4454,//t1.kakaocdn.net/thumb/T800x0.q80/?fname=http%3A%2F%2Ft1.daumcdn.net%2Fplace%2F8DBA28CCEF3E48B78F9B93A6F34AED58,https://place.map.kakao.com/1540774214,127.0393926,37.63680895
그리엔 (Gree N),서울 도봉구 도봉로112길 14,서울 도봉구 창동 651-81,"월,수,목,금,토,일 11:00 ~ 22:00",,,https://place.map.kakao.com/1849362729,127.0354022,37.64672339
에멜무지로 커피 로스터스,서울 도봉구 방학로3길 17 1층,서울 도봉구 방학동 677-13,매일 12:00 ~ 20:00,010-6619-2679,//t1.kakaocdn.net/thumb/T800x0.q80/?fname=http%3A%2F%2Ft1.daumcdn.net%2Flocal%2FkakaomapPhoto%2Freview%2F9d8b0916bbb91ff5d5d36153d781f0c89da75f5b%3Foriginal,https://place.map.kakao.com/1005940527,127.041027,37.66189429
카카오브로,서울 도봉구 도봉산4길 3-34,서울 도봉구 도봉동 286-23,월~금 10:00 ~ 18:00,02-545-3876,//t1.kakaocdn.net/thumb/T800x0.q80/?fname=http%3A%2F%2Ft1.daumcdn.net%2Fplace%2F6E3F1A2EAA134045BC541EADB7933F7E,https://place.map.kakao.com/903531535,127.0411523,37.68831601
렌트베이크,서울 도봉구 도당로6길 30-6 담터캐슬 1층,서울 도봉구 방학동 264-46,화~일 10:00 ~ 20:00,,//t1.kakaocdn.net/thumb/T800x0.q80/?fname=http%3A%2F%2Ft1.kakaocdn.net%2Ffiy_reboot%2Fplace%2FD2594FDA50FD4EC4A1DB2A6D9A6CEC2A,https://place.map.kakao.com/530678001,127.0365564,37.66131634
땡큐,서울 도봉구 방학로 31-11 1층,서울 도봉구 방학동 725-52,,,//t1.kakaocdn.net/thumb/T800x0.q80/?fname=http%3A%2F%2Ft1.daumcdn.net%2Fplace%2F157042718F394B6B936303D555753C88,https://place.map.kakao.com/1062588387,127.049009,37.66165789
아마스빈 방학역점,서울 도봉구 도봉로150길 43 1층 127호,서울 도봉구 방학동 716-5,,02-955-1474,//t1.kakaocdn.net/thumb/T800x0.q80/?fname=http%3A%2F%2Ft1.daumcdn.net%2Fplace%2FC4C2A3A436104DC3A0F1493B0CE90773,https://place.map.kakao.com/745449728,127.0458471,37.66629345
디카플이오,서울 도봉구 도당로 41,서울 도봉구 방학동 274,,,//t1.kakaocdn.net/thumb/T800x0.q80/?fname=http%3A%2F%2Ft1.daumcdn.net%2Fplace%2F856CCFA675FE41AF93FC743D90E335B3,https://place.map.kakao.com/940668259,127.0345918,37.661693
스탠퍼독,"서울 도봉구 우이천로 296 1,2층",서울 도봉구 쌍문동 103-247,매일 11:00 ~ 21:00,010-7525-4375,//t1.kakaocdn.net/thumb/T800x0.q80/?fname=http%3A%2F%2Ft1.daumcdn.net%2Fplace%2FE51A9F0B89B44C9480E1C61A312FC2AE,https://place.map.kakao.com/2006879813,127.029694,37.64421149
커피하우스 커픽,서울 도봉구 방학로15길 26 신동아3단지 아파트상가 201호,서울 도봉구 방학동 530,,02-956-8811,,https://place.map.kakao.com/17955165,127.0240074,37.66021685
맘스케익 방학점,서울 도봉구 방학로10길 10 1층 103호,서울 도봉구 방학동 665,월~토 10:00 ~ 20:00,02-6338-3313,,https://place.map.kakao.com/2036375837,127.0330826,37.66286489
카페플랫,서울 도봉구 도당로29길 10 1층,서울 도봉구 방학동 656,월~토 09:00 ~ 20:00,02-6956-8672,//t1.kakaocdn.net/thumb/T800x0.q80/?fname=http%3A%2F%2Ft1.kakaocdn.net%2Ffiy_reboot%2Fplace%2F2A7DF2D685CF44E7A914BEB93EE3A430,https://place.map.kakao.com/1471217204,127.0419824,37.66764897
디저트얌,서울 도봉구 도봉로145나길 12,서울 도봉구 방학동 703-16,화~토 11:00 ~ 21:00,070-8623-0780,//t1.kakaocdn.net/thumb/T800x0.q80/?fname=http%3A%2F%2Ft1.daumcdn.net%2Fplace%2F5CFAB68EACA34374A1D842E2854504B6,https://place.map.kakao.com/2102551529,127.0420906,37.66523791
키페토브,서울 도봉구 해등로 41,서울 도봉구 창동 360,,,,https://place.map.kakao.com/1809527223,127.0436651,37.64778874
커피지애 쌍문점,서울 도봉구 방학로3길 114,서울 도봉구 쌍문동 38-7,,02-999-9199,//t1.kakaocdn.net/thumb/T800x0.q80/?fname=http%3A%2F%2Ft1.daumcdn.net%2Fcfile%2F23387B4156D7BD8104,https://place.map.kakao.com/27497296,127.0384394,37.65835232
길동이네,서울 도봉구 도봉로113길 43,서울 도봉구 쌍문동 123-2,매일 07:00 ~ 22:00,,//t1.kakaocdn.net/thumb/T800x0.q80/?fname=http%3A%2F%2Ft1.daumcdn.net%2Flocalfiy%2FFE3855E3ACA14ADF839EF866F518AB5D,https://place.map.kakao.com/1497417183,127.0316982,37.64836306
초코렛다방,서울 도봉구 도봉로152가길 112 1층,서울 도봉구 도봉동 625-142,,,,https://place.map.kakao.com/1090646639,127.0449524,37.67444162
1인커피,서울 도봉구 마들로 676 2층,서울 도봉구 도봉동 635-6,"월,화,수,목,금,일 10:00 ~ 22:00",070-8615-7001,//t1.kakaocdn.net/thumb/T800x0.q80/?fname=http%3A%2F%2Ft1.kakaocdn.net%2Ffiy_reboot%2Fplace%2F2445168BB224484F9FD3BA5BF0DC34A9,https://place.map.kakao.com/1358213430,127.0465532,37.67041371
만월경 창동건영점,서울 도봉구 우이천로20길 7,서울 도봉구 창동 635-42,매일 00:00 ~ 24:00,,,https://place.map.kakao.com/1043446294,127.0347716,37.64173321
카페라운드,서울 도봉구 도봉로180길 20 도봉투웨니퍼스트1단지 103동 1층 105호,서울 도봉구 도봉동 62-3,월~금 09:00 ~ 18:00,010-2381-0092,//t1.kakaocdn.net/thumb/T800x0.q80/?fname=http%3A%2F%2Ft1.daumcdn.net%2Fplace%2FDA2696ACB7524C45A0C7A67DD681D48B,https://place.map.kakao.com/162140415,127.046987,37.68284705
삼춘네커피집,서울 도봉구 노해로 178,서울 도봉구 쌍문동 315-78,,02-991-4646,,https://place.map.kakao.com/27310926,127.028368,37.65006785
카페문,서울 도봉구 도봉로110아길 25,서울 도봉구 창동 608-160,,02-9162-2460,,https://place.map.kakao.com/1111794341,127.0376925,37.64514253
매머드익스프레스 도봉한일병원점,서울 도봉구 도봉로109길 58 1층,서울 도봉구 쌍문동 315-30,,,,https://place.map.kakao.com/1895109882,127.0302367,37.64718
라무이,서울 도봉구 도봉로114길 49 1층,서울 도봉구 창동 657-49,화~토 11:00 ~ 22:00,,//t1.kakaocdn.net/thumb/T800x0.q80/?fname=http%3A%2F%2Ft1.kakaocdn.net%2Ffiy_reboot%2Fplace%2F9E3B9F66DF634234B8354E2286898143,https://place.map.kakao.com/1410972696,127.0370338,37.64764
감성커피 방학동점,서울 도봉구 도봉로152길 26 1층,서울 도봉구 방학동 719-3,매일 09:00 ~ 22:00,02-955-7774,//t1.kakaocdn.net/thumb/T800x0.q80/?fname=http%3A%2F%2Ft1.daumcdn.net%2Fplace%2FC8843AA957FC48A28BFCC065907DA12D,https://place.map.kakao.com/808022340,127.0452741,37.6692305
스노우플러스,서울 도봉구 마들로 726,서울 도봉구 도봉동 632-6,,02-956-0903,//t1.kakaocdn.net/thumb/T800x0.q80/?fname=http%3A%2F%2Ft1.daumcdn.net%2Fcfile%2F254FF53753E0E23322,https://place.map.kakao.com/24944363,127.0475989,37.67486972
더블즈,서울 도봉구 우이천로 350 1층 더블즈,서울 도봉구 쌍문동 349-25,,010-7487-0310,//t1.kakaocdn.net/thumb/T800x0.q80/?fname=http%3A%2F%2Ft1.kakaocdn.net%2Fmystore%2F367A7A70574D4B55BBEFCA3544E77DF6,https://place.map.kakao.com/557279960,127.0252823,37.64767229
카페레,서울 도봉구 삼양로144길 9,서울 도봉구 쌍문동 423-98,,02-6014-9879,//t1.kakaocdn.net/thumb/T800x0.q80/?fname=http%3A%2F%2Ft1.daumcdn.net%2Fplace%2FAD648F6300BF4BEBAE03A738CD59BB0C,https://place.map.kakao.com/16382037,127.0133813,37.65166371
카페휴지,서울 도봉구 도봉로136길 7,서울 도봉구 창동 749-16,월~금 08:00 ~ 20:00,,//t1.kakaocdn.net/thumb/T800x0.q80/?fname=http%3A%2F%2Ft1.daumcdn.net%2Fplace%2FC70FF21653FD46B9BB7C4530D63CC922,https://place.map.kakao.com/1994690391,127.0416521,37.65931618
셀렉토커피 방학역점,서울 도봉구 도봉로152길 16 북한산현대렉시온오피스텔,서울 도봉구 방학동 719-2,,02-955-6734,,https://place.map.kakao.com/136013316,127.0447525,37.66909403
루트비커피 쌍문점,서울 도봉구 도봉로129길 23 1층,서울 도봉구 쌍문동 672,매일 08:30 ~ 21:00,02-998-2008,//t1.kakaocdn.net/thumb/T800x0.q80/?fname=http%3A%2F%2Ft1.kakaocdn.net%2Ffiy_reboot%2Fplace%2FD8AC2997C8344EFA97ECE97EE087EE6A,https://place.map.kakao.com/115506172,127.0369574,37.65527099
딜리스,서울 도봉구 삼양로146길 10 1층 103호,서울 도봉구 쌍문동 423-13,월~금 08:30 ~ 18:00,070-4833-8576,//t1.kakaocdn.net/thumb/T800x0.q80/?fname=http%3A%2F%2Ft1.kakaocdn.net%2Fmystore%2F7B3424AC1B074C5AA601C70F23F5CC72,https://place.map.kakao.com/169041146,127.0132254,37.65236028
커피&필,서울 도봉구 도봉로168길 6,서울 도봉구 도봉동 92-42,,02-6487-4973,,https://place.map.kakao.com/21317566,127.045488,37.67777126
저스트시즌,서울 도봉구 도봉로110다길 26 101호,서울 도봉구 창동 650-13,,,//t1.kakaocdn.net/thumb/T800x0.q80/?fname=http%3A%2F%2Ft1.daumcdn.net%2Flocalfiy%2FFE480E5BF0C14520B55241EEB7460D90,https://place.map.kakao.com/1628996023,127.0335232,37.64515064
매머드익스프레스 창동점,서울 도봉구 마들로11가길 6-25 월가타워오피스텔 1층 105호,서울 도봉구 창동 7,월~금 07:30 ~ 22:00,,//t1.kakaocdn.net/thumb/T800x0.q80/?fname=http%3A%2F%2Ft1.kakaocdn.net%2Ffiy_reboot%2Fplace%2F8A01DCFBE0084BF2ADE326084DF7E1FB,https://place.map.kakao.com/2062624881,127.0490356,37.65222036
우지커피,서울 도봉구 노해로63다길 21,서울 도봉구 창동 256-2,월~금 08:00 ~ 23:00,,//t1.kakaocdn.net/thumb/T800x0.q80/?fname=http%3A%2F%2Ft1.kakaocdn.net%2Ffiy_reboot%2Fplace%2FB21AB794795C4219BA5A89BC47031719,https://place.map.kakao.com/1316784221,127.0461494,37.65377915
하이루 탕후루 쌍문점,서울 도봉구 노해로60길 83 1층,서울 도봉구 쌍문동 96-22,매일 11:00 ~ 22:00,010-9060-1659,//t1.kakaocdn.net/thumb/T800x0.q80/?fname=http%3A%2F%2Ft1.kakaocdn.net%2Fmystore%2F382456F268E246E2AEEE756EF4644AF7,https://place.map.kakao.com/368825605,127.0332428,37.64779249
카페소모임,서울 도봉구 도봉로145길 93 1층,서울 도봉구 방학동 696-24,월~토 09:00 ~ 21:00,02-3494-0295,//t1.kakaocdn.net/thumb/T800x0.q80/?fname=http%3A%2F%2Ft1.kakaocdn.net%2Ffiy_reboot%2Fplace%2F3AF067D8FC4243669A14336C7FF6559A,https://place.map.kakao.com/1884141520,127.0375051,37.66518062
시공간,서울 도봉구 도봉로113길 43 1층 1호,서울 도봉구 쌍문동 123-2,매일 10:00 ~ 20:00,,//t1.kakaocdn.net/thumb/T800x0.q80/?fname=http%3A%2F%2Ft1.daumcdn.net%2Fplace%2FE2FB28D5F3D046B5A86E1F1FA5C22A4B,https://place.map.kakao.com/1438788940,127.0316982,37.64836306
카페게이트 방학역점,서울 도봉구 도봉로150길 34,서울 도봉구 방학동 715-19,월~금 08:00 ~ 22:00,02-954-8096,//t1.kakaocdn.net/thumb/T800x0.q80/?fname=http%3A%2F%2Ft1.kakaocdn.net%2Ffiy_reboot%2Fplace%2FA17A8AF71991483086A6DA49423BD29E,https://place.map.kakao.com/1893965594,127.0450866,37.66592542
트리킹즈커피 창동점,서울 도봉구 해등로 139 미소애아파트 1층 105호,서울 도봉구 창동 715-3,월~금 09:00 ~ 20:00,070-7543-0710,//t1.kakaocdn.net/thumb/T800x0.q80/?fname=http%3A%2F%2Ft1.daumcdn.net%2Fplace%2FCFF04F322DD54FDBAB4F4DA2BC09586D,https://place.map.kakao.com/223824824,127.0402362,37.65584321
대디롱,서울 도봉구 도봉로121가길 3 1층,서울 도봉구 쌍문동 80-37,,010-4167-6422,,https://place.map.kakao.com/1590967972,127.0358433,37.65187463
매머드커피 도봉구청점,서울 도봉구 마들로 650 도봉월드상가 111-1호,서울 도봉구 방학동 720-33,,,,https://place.map.kakao.com/1041206305,127.0470647,37.66802835
커피식당,서울 도봉구 방학로5길 38,서울 도봉구 쌍문동 8-1,,070-7722-3336,,https://place.map.kakao.com/1403233524,127.0376749,37.66113282
만월경 방학점,서울 도봉구 시루봉로15길 8 1층,서울 도봉구 방학동 603-1,,,,https://place.map.kakao.com/1778024655,127.03316,37.66772818
어떤하루,서울 도봉구 덕릉로57길 30,서울 도봉구 창동 581-28,,,//t1.kakaocdn.net/thumb/T800x0.q80/?fname=http%3A%2F%2Ft1.daumcdn.net%2Fplace%2F5711206DE9824282A39A8956917A5C00,https://place.map.kakao.com/509065466,127.0372354,37.64003977
당도,서울 도봉구 방학로2길 48 1층,서울 도봉구 방학동 682,,,,https://place.map.kakao.com/1748748558,127.0410341,37.66506403
설나루,서울 도봉구 시루봉로 149,서울 도봉구 방학동 307-2,,,//t1.kakaocdn.net/thumb/T800x0.q80/?fname=http%3A%2F%2Ft1.daumcdn.net%2Fplace%2FB0D2338021764FEC8D386B91D98CFD50,https://place.map.kakao.com/27290740,127.0282231,37.66417285
카페리차지,서울 도봉구 마들로 672-24,서울 도봉구 도봉동 636-6,,,,https://place.map.kakao.com/437873048,127.0468151,37.67012313
도봉오름,서울 도봉구 도봉로145길 14,서울 도봉구 방학동 682-33,2023년 8월 31일 ~ 2023년 9월 30일 휴무,010-5210-2538,//t1.kakaocdn.net/thumb/T800x0.q80/?fname=http%3A%2F%2Ft1.kakaocdn.net%2Fmystore%2F4D006F9A630544CB949F8E0577133A3E,https://place.map.kakao.com/1146221700,127.0417891,37.66469617
유민커피,서울 도봉구 덕릉로 214 1층 101호,서울 도봉구 창동 552-12,,02-907-7753,,https://place.map.kakao.com/785909880,127.0370145,37.63715138
카페베네 한일병원점,서울 도봉구 우이천로 308,서울 도봉구 쌍문동 388-1,,,,https://place.map.kakao.com/277406274,127.0290583,37.64668485
커피공장2010,서울 도봉구 삼양로 532,서울 도봉구 쌍문동 423-99,매일 08:00 ~ 18:00,,//t1.kakaocdn.net/thumb/T800x0.q80/?fname=http%3A%2F%2Ft1.kakaocdn.net%2Ffiy_reboot%2Fplace%2FBBA368C1811D4259B6B67DB420C6313A,https://place.map.kakao.com/27310041,127.0134177,37.65056775
카페쿠잉,서울 도봉구 도봉로145길 33,서울 도봉구 방학동 687-35,,02-994-2939,,https://place.map.kakao.com/1035616003,127.0406033,37.66453314
병아리콩,서울 도봉구 우이천로34길 9 1층,서울 도봉구 쌍문동 449-2,월~금 14:00 ~ 20:30,070-8725-2938,//t1.kakaocdn.net/thumb/T800x0.q80/?fname=http%3A%2F%2Ft1.kakaocdn.net%2Fmystore%2F6974FEBB677A445BB582F30089679B8E,https://place.map.kakao.com/2020516170,127.0231075,37.64953859
193 커피가게,서울 도봉구 덕릉로60마길 9 1층,서울 도봉구 창동 539-4,수~일 12:00 ~ 19:00,070-8255-6217,//t1.kakaocdn.net/thumb/T800x0.q80/?fname=http%3A%2F%2Ft1.daumcdn.net%2Fplace%2F61364546CD9643A4867E3FA92231CC10,https://place.map.kakao.com/1460170417,127.0403048,37.63755178
웰리스,서울 도봉구 도봉로167길 7 지하1층,서울 도봉구 도봉동 596-13,,02-954-3132,//t1.kakaocdn.net/thumb/T800x0.q80/?fname=http%3A%2F%2Ft1.daumcdn.net%2Fplace%2F67F28E4613D94D96ADDA30A0093D2951,https://place.map.kakao.com/1543341062,127.0444296,37.6778587
더벤티 쌍문역점,서울 도봉구 도봉로 489 1층,서울 도봉구 쌍문동 88-21,월~금 08:00 ~ 22:00,,//t1.kakaocdn.net/thumb/T800x0.q80/?fname=http%3A%2F%2Ft1.daumcdn.net%2Fplace%2F5EA56F69C5A94ABE834987D670A7A329,https://place.map.kakao.com/1454595510,127.0348121,37.64940183
김준호의대단한커피 쌍문점,서울 도봉구 도봉로109길 35-9 1층,서울 도봉구 쌍문동 103-60,,,,https://place.map.kakao.com/459001670,127.0315423,37.64659735
과일에반하다 프루타 쌍문점,서울 도봉구 우이천로 284,서울 도봉구 쌍문동 103-81,,,//t1.kakaocdn.net/thumb/T800x0.q80/?fname=http%3A%2F%2Ft1.daumcdn.net%2Fplace%2FEA3CB33EF1D047C4BC1C695D32C15367,https://place.map.kakao.com/872671566,127.0305888,37.64364175
공감7080라이브,서울 도봉구 방학로 124,서울 도봉구 방학동 690-54,,,,https://place.map.kakao.com/320421883,127.0383472,37.66306548
더벤티 도봉보건소사거리점,서울 도봉구 도봉로 586 1층,서울 도봉구 창동 731-72,매일 08:00 ~ 22:00,070-7576-1480,//t1.kakaocdn.net/thumb/T800x0.q80/?fname=http%3A%2F%2Ft1.daumcdn.net%2Fplace%2F38FDAA59C62D4F18A70778AFA3469DC1,https://place.map.kakao.com/84136512,127.0400051,37.65685969
그때거기,서울 도봉구 삼양로146길 22,서울 도봉구 쌍문동 422-175,월~토 09:00 ~ 19:00,,//t1.kakaocdn.net/thumb/T800x0.q80/?fname=http%3A%2F%2Ft1.daumcdn.net%2Fplace%2F4ABC6178B46C4BF1A8B4D2CE18C1D680,https://place.map.kakao.com/277928869,127.0138743,37.65241642
커피에반하다 방학역점,서울 도봉구 마들로 649-20,서울 도봉구 방학동 718-6,,02-954-8966,,https://place.map.kakao.com/344382217,127.0448518,37.66835167
매머드익스프레스 창동이마트점,서울 도봉구 노해로65길 4,서울 도봉구 창동 135-26,,,,https://place.map.kakao.com/1623619437,127.0466993,37.65163612
수정다방커피숍,서울 도봉구 덕릉로 253,서울 도봉구 창동 601-32,,,,https://place.map.kakao.com/21242201,127.0393961,37.64029729
카페플라워,서울 도봉구 도봉로169나길 14,서울 도봉구 도봉동 594-20,,02-954-0442,,https://place.map.kakao.com/945175465,127.0434326,37.67902214
하이키하우스커피,서울 도봉구 방학로3길 89 1층,서울 도봉구 쌍문동 716-21,월~금 10:00 ~ 20:00,070-8114-2350,//t1.kakaocdn.net/thumb/T800x0.q80/?fname=http%3A%2F%2Ft1.daumcdn.net%2Fplace%2FAE23611B08EE4CEC8B5FDCAE468988FF,https://place.map.kakao.com/864102309,127.0396319,37.65901352
플러드엠,서울 도봉구 도봉로136길 80,서울 도봉구 창동 181-46,화~금 09:00 ~ 17:00,,,https://place.map.kakao.com/1213286493,127.0456104,37.65934652
커피룸,서울 도봉구 삼양로144길 25-3 1층,서울 도봉구 쌍문동 422-112,,02-992-1665,,https://place.map.kakao.com/16079947,127.0143262,37.65189542
밀콩,서울 도봉구 덕릉로63가길 26 1층,서울 도봉구 창동 609-155,,,//t1.kakaocdn.net/thumb/T800x0.q80/?fname=http%3A%2F%2Ft1.daumcdn.net%2Flocal%2FkakaomapPhoto%2Freview%2Fefe706da985ab62a1c04fe9bd10e104a5f78d1f5%3Foriginal,https://place.map.kakao.com/595034622,127.0388649,37.64353291
이륙커피,서울 도봉구 우이천로4길 23 1층,서울 도봉구 창동 502-27,매일 10:00 ~ 20:00,02-900-2628,//t1.kakaocdn.net/thumb/T800x0.q80/?fname=http%3A%2F%2Ft1.kakaocdn.net%2Fmystore%2F2666C52DF6E144869A363EDCD5143AF0,https://place.map.kakao.com/828502341,127.0406973,37.63390013
커피베이 신창시장점,"서울 도봉구 덕릉로57길 14 1층 102,103호",서울 도봉구 창동 581-5,매일 07:30 ~ 22:00,070-5089-6261,//t1.kakaocdn.net/thumb/T800x0.q80/?fname=http%3A%2F%2Ft1.kakaocdn.net%2Fmystore%2F31B425437CD04C07AC627B7E8177724A,https://place.map.kakao.com/1602733333,127.0377285,37.63950398
커피에반하다 노원세무서점 스마트무인카페,서울 도봉구 노해로69길 26,서울 도봉구 창동 14,매일 00:00 ~ 24:00,,//t1.kakaocdn.net/thumb/T800x0.q80/?fname=http%3A%2F%2Ft1.kakaocdn.net%2Ffiy_reboot%2Fplace%2FDC212A525E594210A810E2B4547854EA,https://place.map.kakao.com/1645848987,127.050938,37.65368059
아마스빈 선덕고점,서울 도봉구 시루봉로 57,서울 도봉구 쌍문동 727,매일 09:00 ~ 21:00,02-900-7536,,https://place.map.kakao.com/26555910,127.0275217,37.65593119
서영타로,서울 도봉구 도봉로114길 22-8 현대타운상가 1층,서울 도봉구 창동 812,월~토 11:00 ~ 20:00,010-2030-2251,//t1.kakaocdn.net/thumb/T800x0.q80/?fname=http%3A%2F%2Ft1.kakaocdn.net%2Fmystore%2F98A1EDE5106743BDA95BBA4349CAD39F,https://place.map.kakao.com/1454108014,127.0352696,37.64711815
폼폼커피베이비,서울 도봉구 도봉로164길 8 1층,서울 도봉구 도봉동 625,월~금 08:00 ~ 19:00,0507-1325-1930,//t1.kakaocdn.net/thumb/T800x0.q80/?fname=http%3A%2F%2Ft1.kakaocdn.net%2Fmystore%2F2BEE734632F54E8DB153296C62A3EDCA,https://place.map.kakao.com/1025460616,127.0452134,37.67591994
쥬씨 도봉역점,서울 도봉구 도봉로167길 3,서울 도봉구 도봉동 596-21,,,,https://place.map.kakao.com/795765258,127.0446442,37.67788474
카페만월경,서울 도봉구 덕릉로 398,서울 도봉구 창동 38-1,,,,https://place.map.kakao.com/1377136012,127.0531319,37.64577665
샐럽핏,서울 도봉구 해등로 150 2층,서울 도봉구 창동 731-60,매일 10:00 ~ 22:00 · 휴게시간 매일 14:30 ~ 16:00,,//t1.kakaocdn.net/thumb/T800x0.q80/?fname=http%3A%2F%2Ft1.kakaocdn.net%2Ffiy_reboot%2Fplace%2F31592772EE5646E2B9CD659491F172B6,https://place.map.kakao.com/1875405695,127.0399447,37.65674708
언제나봄,서울 도봉구 덕릉로60길 21 1층,서울 도봉구 창동 448-71,매일 10:00 ~ 22:00,,//t1.kakaocdn.net/thumb/T800x0.q80/?fname=http%3A%2F%2Ft1.daumcdn.net%2Fplace%2F61C9AAA079E14887ADA2EC036D4835B6,https://place.map.kakao.com/2068457183,127.0402673,37.63929745
토프레소 방학역점,서울 도봉구 도봉로150길 27 1층,서울 도봉구 방학동 716-2,"월,화,수,목,금,일 07:00 ~ 23:00",02-956-0266,,https://place.map.kakao.com/14499483,127.0447654,37.66616989
카페꼼지,서울 도봉구 노해로41길 17 금강상가 105호,서울 도봉구 쌍문동 357-6,,02-990-9192,,https://place.map.kakao.com/22581322,127.0261942,37.64945983
카페쉼표,서울 도봉구 도봉로169길 202,서울 도봉구 도봉동 470-3,,,,https://place.map.kakao.com/79954923,127.0353645,37.67794096
아이빅쓰리커피엔드케이스,서울 도봉구 도당로13라길 28,서울 도봉구 방학동 636-1,,,,https://place.map.kakao.com/1733906325,127.0356045,37.66726031
샾카페,서울 도봉구 도당로27길 77 1층,서울 도봉구 도봉동 609-2,월~토 12:30 ~ 21:00,,//t1.kakaocdn.net/thumb/T800x0.q80/?fname=http%3A%2F%2Ft1.daumcdn.net%2Fplace%2F28857E16DA104D2A8AAD22FF1394752B,https://place.map.kakao.com/1340369853,127.0407485,37.67085428
강또커피,서울 도봉구 도봉로141길 55 1층,서울 도봉구 쌍문동 710-13,"월,수,목,금,토,일 09:00 ~ 20:00",070-445-4417,//t1.kakaocdn.net/thumb/T800x0.q80/?fname=http%3A%2F%2Ft1.kakaocdn.net%2Fmystore%2F0E2F85FA31BD450BA716B2F341BCA73D,https://place.map.kakao.com/403572532,127.0389221,37.66159444
무궁화로스터즈,서울 도봉구 도봉로112길 23 1층,서울 도봉구 창동 657-88,화~일 10:00 ~ 22:00,,//t1.kakaocdn.net/thumb/T800x0.q80/?fname=http%3A%2F%2Ft1.daumcdn.net%2Flocal%2FkakaomapPhoto%2Freview%2Fb6d608a5ee55072deceab93a282fc39c6f9ddc89%3Foriginal,https://place.map.kakao.com/1899631518,127.0360412,37.64693177
릴리라이크,서울 도봉구 도봉로170길 44 래미안도봉아파트 상가동 1층 1호,서울 도봉구 도봉동 655-1,화~일 09:00 ~ 20:00,070-4048-6440,//t1.kakaocdn.net/thumb/T800x0.q80/?fname=http%3A%2F%2Ft1.kakaocdn.net%2Fmystore%2F933F6A979E6842D6B855CF9BF8BC204A,https://place.map.kakao.com/170722593,127.0478994,37.67988706
매머드익스프레스 도봉구청점,서울 도봉구 마들로 650 도봉월드상가 111-1호,서울 도봉구 방학동 720-33,,,//t1.kakaocdn.net/thumb/T800x0.q80/?fname=http%3A%2F%2Ft1.daumcdn.net%2Fplace%2FDAE22BBCC9CA49D9BACA90F445CAB1F5,https://place.map.kakao.com/1237296006,127.0470647,37.66802835
아르빈스,서울 도봉구 마들로11길 71,서울 도봉구 창동 3-4,,02-902-8899,,https://place.map.kakao.com/8416091,127.0493377,37.65333205
cafe 봄,서울 도봉구 도봉로 720,서울 도봉구 방학동 705-4,,02-9546-6962,,https://place.map.kakao.com/935477447,127.0438025,37.66876084
키즈카페넬,서울 도봉구 도봉산3길 83,서울 도봉구 도봉동 567-5,,,//t1.kakaocdn.net/thumb/T800x0.q80/?fname=http%3A%2F%2Ft1.daumcdn.net%2Fplace%2F0DB58AE991EE4A40B1758853459A56E5,https://place.map.kakao.com/1097549604,127.0437591,37.68366791
카페도경,서울 도봉구 마들로 740,서울 도봉구 도봉동 631-7,,,,https://place.map.kakao.com/1342670051,127.0481168,37.67575563
커피네임,서울 도봉구 도봉로121길 10,서울 도봉구 쌍문동 80-56,,02-991-1233,//t1.kakaocdn.net/thumb/T800x0.q80/?fname=http%3A%2F%2Ft1.daumcdn.net%2Flocalfiy%2F00DC9EB158E54184B778C34F593A1206,https://place.map.kakao.com/1801568857,127.0358895,37.6520331
휘드카페 쌍문점,서울 도봉구 방학로3길 127 1층,서울 도봉구 쌍문동 571,매일 08:00 ~ 22:00,02-990-7333,,https://place.map.kakao.com/316920081,127.0384146,37.65769624
호구커피&크로플 창동점,서울 도봉구 덕릉로63길 47 2층,서울 도봉구 창동 607-1,,02-994-1844,//t1.kakaocdn.net/thumb/T800x0.q80/?fname=http%3A%2F%2Ft1.daumcdn.net%2Fplace%2F4F191A4A7FEF425DADDC4C58FB8903D5,https://place.map.kakao.com/1897896633,127.040296,37.64351269
복다방,서울 도봉구 시루봉로 305 지하1층,서울 도봉구 도봉동 618-49,,02-956-9725,,https://place.map.kakao.com/27511615,127.0429673,37.67138552
샘터카페,서울 도봉구 노해로62길 106 1층,서울 도봉구 창동 676-5,월~토 10:00 ~ 22:00,02-992-1006,//t1.kakaocdn.net/thumb/T800x0.q80/?fname=http%3A%2F%2Ft1.daumcdn.net%2Flocalfiy%2Fsearchregister_1415911552,https://place.map.kakao.com/1586193325,127.0391384,37.64668139
카페레버리,서울 도봉구 도봉로114길 49 1층,서울 도봉구 창동 657-49,월~토 11:00 ~ 22:00,,//t1.kakaocdn.net/thumb/T800x0.q80/?fname=http%3A%2F%2Ft1.daumcdn.net%2Flocal%2FkakaomapPhoto%2Freview%2F7fe32b33ec4e78b7b3a60d0ac4752e65e447d158%3Foriginal,https://place.map.kakao.com/1878758912,127.0370338,37.64764
이디야커피 창동하나로마트점,서울 도봉구 마들로11길 20 1층,서울 도봉구 창동 1-10,,02-999-7337,//t1.kakaocdn.net/thumb/T800x0.q80/?fname=http%3A%2F%2Ft1.daumcdn.net%2Flocalfiy%2F240E28657B1B411D9A70445326FC4BAA,https://place.map.kakao.com/918403220,127.0508313,37.65511059
하나노마카롱 쌍문점,서울 도봉구 노해로60길 68 1층,서울 도봉구 쌍문동 94-46,화~금 11:00 ~ 19:00,0507-1476-1184,//t1.kakaocdn.net/thumb/T800x0.q80/?fname=http%3A%2F%2Ft1.kakaocdn.net%2Fmystore%2F175524BE1364495983C032CF6A49D923,https://place.map.kakao.com/1549625712,127.0334125,37.64846503
스위츠 루스트레,서울 도봉구 마들로11길 25 동산빌딩 105호,서울 도봉구 창동 14-4,월~금 11:00 ~ 18:00,070-7755-0214,//t1.kakaocdn.net/thumb/T800x0.q80/?fname=http%3A%2F%2Ft1.kakaocdn.net%2Fmystore%2FCE0063F17D91486995D767E4DDF1E759,https://place.map.kakao.com/1715555630,127.0518156,37.65390663
달달한오후,서울 도봉구 우이천로20길 7,서울 도봉구 창동 635-42,월~토 11:00 ~ 23:00,,,https://place.map.kakao.com/16330121,127.0347716,37.64173321
세움카페,서울 도봉구 마들로 656 1층,서울 도봉구 방학동 720,,070-4251-4264,//t1.kakaocdn.net/thumb/T800x0.q80/?fname=http%3A%2F%2Ft1.daumcdn.net%2Fplace%2F7FCDDE43D9D8453B9F6DF4A8D0153F61,https://place.map.kakao.com/13057695,127.0471314,37.66871613
라운드커피,서울 도봉구 마들로 760 1층 109호,서울 도봉구 도봉동 629-6,월~금 08:00 ~ 19:00,,//t1.kakaocdn.net/thumb/T800x0.q80/?fname=http%3A%2F%2Ft1.kakaocdn.net%2Ffiy_reboot%2Fplace%2F05135CAA265A499D9B02A64BCC501087,https://place.map.kakao.com/993979732,127.0493276,37.67761781
열린문타로카페,서울 도봉구 해등로 155 3층,서울 도봉구 쌍문동 652,월~토 11:00 ~ 22:00,02-992-2127,//t1.kakaocdn.net/thumb/T800x0.q80/?fname=http%3A%2F%2Ft1.kakaocdn.net%2Fmystore%2F7FADF39C7AAC4EE392168954D5B738F5,https://place.map.kakao.com/1877031920,127.039057,37.656669
카페말로 덕성여대점,서울 도봉구 삼양로144길 33 덕성여자대학교 도서관 1층,서울 도봉구 쌍문동 419,월~토 09:00 ~ 16:00,02-990-5003,//t1.kakaocdn.net/thumb/T800x0.q80/?fname=http%3A%2F%2Ft1.daumcdn.net%2Fcfile%2F190F8E3E5018FAC724,https://place.map.kakao.com/16067281,127.0158349,37.65247041
카페오늘,서울 도봉구 마들로 650,서울 도봉구 방학동 720-33,,,,https://place.map.kakao.com/16964056,127.0470647,37.66802835
찐타코캔카페,서울 도봉구 도봉로155길 5,서울 도봉구 도봉동 617-13,,02-955-8999,,https://place.map.kakao.com/385535969,127.043585,37.67275677
카페아크,서울 도봉구 시루봉로6길 53,서울 도봉구 쌍문동 50,,02-903-9193,,https://place.map.kakao.com/19781836,127.0300835,37.65941764
카페이퀄디,서울 도봉구 해등로16길 54 1층,서울 도봉구 창동 286-6,매일 09:00 ~ 21:00,010-9697-1879,//t1.kakaocdn.net/thumb/T800x0.q80/?fname=http%3A%2F%2Ft1.daumcdn.net%2Fplace%2FE44FDDECAC6D43A9AE066AA603CE55F2,https://place.map.kakao.com/1170186059,127.0428251,37.65502682
커피드림,서울 도봉구 삼양로144길 25,서울 도봉구 쌍문동 422-65,,02-907-2477,,https://place.map.kakao.com/903228877,127.0143249,37.65178901
낭만커피숍,서울 도봉구 마들로 670 2층,서울 도봉구 도봉동 636-1,,02-3493-0287,,https://place.map.kakao.com/27322853,127.0464874,37.66998451
공감상회,서울 도봉구 덕릉로60가길 59 2층,서울 도봉구 창동 543-5,,,,https://place.map.kakao.com/1830263375,127.0387185,37.63716092
베리베리,서울 도봉구 도봉로110나길 27,서울 도봉구 창동 655-1,,,//t1.kakaocdn.net/thumb/T800x0.q80/?fname=http%3A%2F%2Ft1.daumcdn.net%2Fplace%2F99D4E994AD464AAFB8E10383674BD6C4,https://place.map.kakao.com/1322549405,127.0348558,37.64747128
시즈너리온드,서울 도봉구 도당로6길 30-2 1층,서울 도봉구 방학동 264-48,"월,수,목,금,토,일 10:00 ~ 21:00",,//t1.kakaocdn.net/thumb/T800x0.q80/?fname=http%3A%2F%2Ft1.kakaocdn.net%2Ffiy_reboot%2Fplace%2F88243A35B48845BCB5886FA566BA6329,https://place.map.kakao.com/883489182,127.036538,37.66154574
라이트 앤 솔트,서울 도봉구 노해로63다길 41 1층,서울 도봉구 창동 252,화~일 10:00 ~ 21:00,,//t1.kakaocdn.net/thumb/T800x0.q80/?fname=http%3A%2F%2Ft1.daumcdn.net%2Fplace%2F0A3830916F8A420693DCC1CAE91E4143,https://place.map.kakao.com/488286636,127.0456513,37.65466185
뉴욕54,서울 도봉구 마들로11길 25,서울 도봉구 창동 14-4,월~토 08:00 ~ 03:00,,//t1.kakaocdn.net/thumb/T800x0.q80/?fname=http%3A%2F%2Ft1.daumcdn.net%2Flocalfiy%2F0418D8F4DEC042C3BF464EC8F0C8092A,https://place.map.kakao.com/1815772179,127.0518156,37.65390663
더보틀플레이스,서울 도봉구 덕릉로59길 62-1,서울 도봉구 창동 596-20,,,,https://place.map.kakao.com/1416122470,127.0364286,37.6417009
클럽포틀락,서울 도봉구 삼양로 580-4 노스브릭 1층 102호,서울 도봉구 쌍문동 503-12,,,,https://place.map.kakao.com/1009937809,127.013298,37.65477607
스타벅스 창동역점,서울 도봉구 마들로13길 61,서울 도봉구 창동 1-28,매일 07:00 ~ 22:00,1522-3232,,https://place.map.kakao.com/908841696,127.0499263,37.65453993
구일사월,서울 도봉구 노해로62길 6,서울 도봉구 창동 662-41,,,//t1.kakaocdn.net/thumb/T800x0.q80/?fname=http%3A%2F%2Ft1.daumcdn.net%2Fplace%2FE81E94A173E94B7B9C1C75BC88D6D43A,https://place.map.kakao.com/873210197,127.0375839,37.65102437
쿠키포키,서울 도봉구 도봉로110길 97 1층,서울 도봉구 창동 676-77,월~토 12:00 ~ 19:00,070-8080-4959,//t1.kakaocdn.net/thumb/T800x0.q80/?fname=http%3A%2F%2Ft1.daumcdn.net%2Fplace%2F32E2684242714C8BB286847FF72D97C8,https://place.map.kakao.com/585359039,127.0389048,37.64662516
커피 엔드 케이스,서울 도봉구 도당로27길 60,서울 도봉구 도봉동 611,,,,https://place.map.kakao.com/1102603716,127.0411237,37.67001525
카페칼디,서울 도봉구 도봉로135길 18 1층,서울 도봉구 쌍문동 716-24,매일 09:00 ~ 21:30,,//t1.kakaocdn.net/thumb/T800x0.q80/?fname=http%3A%2F%2Ft1.daumcdn.net%2Fplace%2FFDE1BCD953E54D8497C28E8F5991426E,https://place.map.kakao.com/1050501542,127.0395461,37.65891183
빵아커피,서울 도봉구 도봉로180길 6 도봉스카이돔 1층,서울 도봉구 도봉동 62-4,,,,https://place.map.kakao.com/1556256649,127.0466689,37.68314234
카페23,서울 도봉구 도당로 123-1 1층,서울 도봉구 방학동 658-27,,,,https://place.map.kakao.com/663483466,127.039946,37.66749417
카페84,서울 도봉구 해등로17길 6 1층,서울 도봉구 쌍문동 639-9,월~토 09:00 ~ 18:00,070-8878-3585,,https://place.map.kakao.com/124773626,127.0384379,37.65676344
샤빙 도봉본점,서울 도봉구 도봉로129길 45 1층,서울 도봉구 쌍문동 69-33,,02-991-0323,//t1.kakaocdn.net/thumb/T800x0.q80/?fname=http%3A%2F%2Ft1.daumcdn.net%2Fplace%2F8FBCBB52D19A4F999CD2C2CB4D6824F4,https://place.map.kakao.com/2068171555,127.0358057,37.65536153
휴인(HUIN),서울 도봉구 도봉로110라길 5,서울 도봉구 창동 621-52,,,,https://place.map.kakao.com/2143927117,127.0358489,37.6458784
미스터브리즈커피 도봉산입구점,서울 도봉구 도봉산길 43,서울 도봉구 도봉동 554-16,,,,https://place.map.kakao.com/27501865,127.0406424,37.6869667
도당9,서울 도봉구 도당로9길 38,서울 도봉구 방학동 667,,,//t1.kakaocdn.net/thumb/T800x0.q80/?fname=http%3A%2F%2Ft1.daumcdn.net%2Fplace%2FE7191AF923C34DE9A0FAD272E09EDAF0,https://place.map.kakao.com/955315901,127.0325292,37.66297271
오늘도빙수,서울 도봉구 노해로63다길 6,서울 도봉구 창동 135-14,,,,https://place.map.kakao.com/427711117,127.0467906,37.6532092
카페엉클,서울 도봉구 우이천로4길 41,서울 도봉구 창동 482-37,매일 09:00 ~ 21:00,,//t1.kakaocdn.net/thumb/T800x0.q80/?fname=http%3A%2F%2Ft1.kakaocdn.net%2Ffiy_reboot%2Fplace%2FD2E9DA467EC544588246DEA27B94AE27,https://place.map.kakao.com/2014773290,127.0416198,37.63419281
유니온,서울 도봉구 덕릉로60길 49-2,서울 도봉구 창동 453-7,,02-932-4187,,https://place.map.kakao.com/810556206,127.0407556,37.63794878
카페이너,서울 도봉구 도봉로129길 39,서울 도봉구 쌍문동 69-47,월~금 08:00 ~ 19:00,,,https://place.map.kakao.com/1861115004,127.0361443,37.65539693
카페루씰,서울 도봉구 도봉로169나길 55,서울 도봉구 도봉동 596-6,,02-3492-6292,,https://place.map.kakao.com/20279894,127.043803,37.67719076
쌍문다방,서울 도봉구 우이천로38길 16,서울 도봉구 쌍문동 446-11,,,,https://place.map.kakao.com/124077658,127.0224488,37.65015418
루루네,서울 도봉구 도봉로170길 12 1층,서울 도봉구 도봉동 89-151,"월,화,목,금,토,일 10:00 ~ 18:00",010-5041-2149,//t1.kakaocdn.net/thumb/T800x0.q80/?fname=http%3A%2F%2Ft1.kakaocdn.net%2Fmystore%2F5AC30E8FC52D465D941F777626FB73B3,https://place.map.kakao.com/1621093183,127.0461927,37.68035526
카페라미,서울 도봉구 덕릉로57길 62,서울 도봉구 창동 582-25,,,,https://place.map.kakao.com/1876527195,127.0355837,37.64076305
임S커피&마카롱,서울 도봉구 노해로62길 99,서울 도봉구 창동 676-68,,,,https://place.map.kakao.com/716523261,127.039159,37.64709197
커피앤드케이스 쌍문점,서울 도봉구 해등로26길 7,서울 도봉구 쌍문동 215-1,,0506-731-1004,,https://place.map.kakao.com/1932622137,127.0326059,37.65843598
달보드레,서울 도봉구 도봉로156길 26-4,서울 도봉구 도봉동 623-78,,,//t1.kakaocdn.net/thumb/T800x0.q80/?fname=http%3A%2F%2Ft1.daumcdn.net%2Fplace%2FBE22B647961C4B679F86712396A32A10,https://place.map.kakao.com/1274954879,127.0456818,37.67251424
쉼 카페냥이네,서울 도봉구 도봉로104길 103 1층,서울 도봉구 창동 623-40,월~토 17:00 ~ 02:00,,//t1.kakaocdn.net/thumb/T800x0.q80/?fname=http%3A%2F%2Ft1.kakaocdn.net%2Ffiy_reboot%2Fplace%2FE5072FD662824690B48A9FEB78788E72,https://place.map.kakao.com/1565417794,127.0376339,37.64406128
쉼이있는공간 백운초점,서울 도봉구 삼양로 574-14 1층,서울 도봉구 쌍문동 503-52,,,,https://place.map.kakao.com/1964957199,127.0134908,37.65438556
웅천마음선원,서울 도봉구 도봉로169나길 74,서울 도봉구 도봉동 599-1,,,,https://place.map.kakao.com/228529446,127.043342,37.67641798
서울특별시 다방구,서울 도봉구 노해로60길 65,서울 도봉구 쌍문동 88-108,매일 10:00 ~ 22:00,02-993-5577,//t1.kakaocdn.net/thumb/T800x0.q80/?fname=http%3A%2F%2Ft1.daumcdn.net%2Flocalfiy%2FB104D597B6F24B2980486AA9DE384D94,https://place.map.kakao.com/113035757,127.0337607,37.64847917
까페쏠메,서울 도봉구 방학로12길 28 도봉여성센터 1층,서울 도봉구 방학동 306-10,월~금 09:00 ~ 18:00,,//t1.kakaocdn.net/thumb/T800x0.q80/?fname=http%3A%2F%2Ft1.kakaocdn.net%2Ffiy_reboot%2Fplace%2FFE744B1E03A240D4A63FAC4BA6330B49,https://place.map.kakao.com/547028939,127.0304011,37.66333421
디저트카페오다방,서울 도봉구 우이천로4길 41,서울 도봉구 창동 482-37,,,,https://place.map.kakao.com/4368156,127.0416198,37.63419281
너랑나랑,서울 도봉구 도봉로 869 1층,서울 도봉구 도봉동 563-7,,,,https://place.map.kakao.com/1134602073,127.0454023,37.68201904
알콩달콩,서울 도봉구 우이천로32길 65 5동 1층 7호,서울 도봉구 쌍문동 285-5,,,,https://place.map.kakao.com/27501523,127.0250007,37.65064245
카페;보다,서울 도봉구 덕릉로63가길 61,서울 도봉구 창동 804,,070-8838-1423,,https://place.map.kakao.com/1688861982,127.0373306,37.64260638
스트릿넘버502,서울 도봉구 우이천로4길 21 1층,서울 도봉구 창동 502-15,,02-993-3339,//t1.kakaocdn.net/thumb/T800x0.q80/?fname=https%3A%2F%2Ft1.daumcdn.net%2Flocal%2Freview_placeapp%2FoWaixWnBIv_skxdr3r6nynzzFPJck5ztk_lkageMxnpmb.jpeg,https://place.map.kakao.com/20314061,127.0405288,37.63381387
카페프리헷 방학우성점,"서울 도봉구 해등로32길 8 상가동 1층 3호,4호,14호",서울 도봉구 방학동 507,매일 00:00 ~ 24:00,,//t1.kakaocdn.net/thumb/T800x0.q80/?fname=http%3A%2F%2Ft1.kakaocdn.net%2Ffiy_reboot%2Fplace%2F0A1794E63F3B4633817E740B320DA76B,https://place.map.kakao.com/539950049,127.0229355,37.65790136
지송미래연구소(천태랑),서울 도봉구 도봉로 517,서울 도봉구 쌍문동 80-49,,02-997-0218,,https://place.map.kakao.com/800979530,127.0360882,37.65161651
여행수다,서울 도봉구 도당로 32 성진파크뷰아파트 상가 1층 2호,서울 도봉구 방학동 741,매일 10:00 ~ 23:00,070-7786-3535,//t1.kakaocdn.net/thumb/T800x0.q80/?fname=http%3A%2F%2Ft1.kakaocdn.net%2Fmystore%2F82B839ED7DA3432C8A31882EF5B3910D,https://place.map.kakao.com/20180919,127.0352315,37.66086175
커피크루,서울 도봉구 해등로16가길 32,서울 도봉구 창동 296-15,,02-907-8895,,https://place.map.kakao.com/1315781098,127.0413871,37.65445296
블루힐,서울 도봉구 마들로 735-8 현대성우아파트상가 102호,서울 도봉구 도봉동 642,,02-955-0559,//t1.kakaocdn.net/thumb/T800x0.q80/?fname=http%3A%2F%2Ft1.daumcdn.net%2Flocalfiy%2FC147352C54F848B4BA2D36F129C91E5E,https://place.map.kakao.com/24583479,127.0478175,37.6761802
마마누,서울 도봉구 방학로15길 26-12 1층,서울 도봉구 방학동 565-17,,02-3493-7771,,https://place.map.kakao.com/911943234,127.0235288,37.6605313
카페파구스,서울 도봉구 도봉로106길 48,서울 도봉구 창동 629-2,,02-2128-2647,,https://place.map.kakao.com/373888191,127.0354725,37.64449569
여기앤,서울 도봉구 우이천로4길 36,서울 도봉구 창동 501-22,,02-903-9945,,https://place.map.kakao.com/436675275,127.0414306,37.63389978
잭카페,서울 도봉구 마들로 699 1층,서울 도봉구 도봉동 624-83,,,//t1.kakaocdn.net/thumb/T800x0.q80/?fname=http%3A%2F%2Ft1.daumcdn.net%2Flocalfiy%2Fsearchregister_1860864921,https://place.map.kakao.com/459188876,127.046405,37.67273199
셀렉토커피 창동역점,서울 도봉구 마들로11가길 16,서울 도봉구 창동 5-1,,,//t1.kakaocdn.net/thumb/T800x0.q80/?fname=http%3A%2F%2Ft1.daumcdn.net%2Fplace%2F7B84194E06704559B475633703A23ADA,https://place.map.kakao.com/168087611,127.0489704,37.65256592
카페본스,서울 도봉구 도당로15길 6 1층,서울 도봉구 방학동 660-2,월~토 09:30 ~ 20:00,,//t1.kakaocdn.net/thumb/T800x0.q80/?fname=http%3A%2F%2Ft1.kakaocdn.net%2Ffiy_reboot%2Fplace%2F632D19CF6B1B4F4F9B235DA77B24238C,https://place.map.kakao.com/66956781,127.0369631,37.66595834
카페까망,서울 도봉구 도봉로 602 1층,서울 도봉구 창동 731-7,,,,https://place.map.kakao.com/1694217047,127.0407378,37.65814478
카페잇다,서울 도봉구 시루봉로6길 13 태선빌딩 1층,서울 도봉구 쌍문동 246,월~금 10:00 ~ 19:00,,//t1.kakaocdn.net/thumb/T800x0.q80/?fname=http%3A%2F%2Ft1.kakaocdn.net%2Ffiy_reboot%2Fplace%2F3FB9C2E4222943E584543BD474BD76C7,https://place.map.kakao.com/686029155,127.028372,37.6589273
리얼빈스 덕성여대점,서울 도봉구 삼양로142길 29 니너울카운티 1층,서울 도봉구 쌍문동 422-84,,02-996-0095,,https://place.map.kakao.com/20198996,127.014193,37.65101977
안리커피,서울 도봉구 도봉산4가길 6-5 1층,서울 도봉구 도봉동 286-31,화~일 10:00 ~ 20:00,,//t1.kakaocdn.net/thumb/T800x0.q80/?fname=http%3A%2F%2Ft1.daumcdn.net%2Fplace%2F530AC06914B94300AF5B6103CA01453E,https://place.map.kakao.com/1549442468,127.0416529,37.6884071
아토,서울 도봉구 덕릉로 251,서울 도봉구 창동 581-71,,070-7781-7499,,https://place.map.kakao.com/1021761752,127.0391511,37.64016493
쫑이네,서울 도봉구 도당로7길 30,서울 도봉구 방학동 669-6,,,,https://place.map.kakao.com/525659058,127.0330822,37.66180525
요아정 쌍문동점,서울 도봉구 도봉로123길 10,서울 도봉구 쌍문동 81-201,,010-8865-7579,,https://place.map.kakao.com/607132959,127.0363276,37.65275834
쓰임,서울 도봉구 도봉로143길 32,서울 도봉구 방학동 675-27,,,,https://place.map.kakao.com/343661960,127.0402755,37.66188077
채연커피호프,서울 도봉구 방학로 128,서울 도봉구 방학동 690-66,,02-955-7699,,https://place.map.kakao.com/1280447086,127.0379649,37.66306434
뻬지아슈,서울 도봉구 도봉로150다길 28 지음재힐스 상가 1층 101A호,서울 도봉구 방학동 717-2,,010-4955-1759,,https://place.map.kakao.com/123648605,127.0446898,37.66728272
하이베이크,서울 도봉구 도봉로137길 31 에덴아파트 상가동 1층 101호,서울 도봉구 쌍문동 713,,02-999-5406,//t1.kakaocdn.net/thumb/T800x0.q80/?fname=http%3A%2F%2Ft1.kakaocdn.net%2Fmystore%2F094C91BC01FD4960B1A3A69C8A775F07,https://place.map.kakao.com/1000711652,127.0397725,37.66071074
마운틴커피숍,서울 도봉구 도봉산길 12,서울 도봉구 도봉동 275-7,,02-954-5646,,https://place.map.kakao.com/14526430,127.0444248,37.6875953
뚠뚠s,서울 도봉구 도봉로110길 39-16 1층,서울 도봉구 창동 651-64,화~일 11:00 ~ 22:00,,//t1.kakaocdn.net/thumb/T800x0.q80/?fname=http%3A%2F%2Ft1.kakaocdn.net%2Ffiy_reboot%2Fplace%2FAB6CA5F980E049959F4A2F239C47ADEE,https://place.map.kakao.com/763717708,127.0357624,37.6465165
쿠바프레소 쌍문동점,서울 도봉구 도봉로129길 24,서울 도봉구 쌍문동 668-12,,,,https://place.map.kakao.com/2132512895,127.0370855,37.65549367
나이브커피,서울 도봉구 덕릉로59다길 3,서울 도봉구 창동 581-20,,,,https://place.map.kakao.com/1306081388,127.0382538,37.64059292
카페 랑,서울 도봉구 마들로 699 진양빌딩 1층,서울 도봉구 도봉동 624-83,,010-3397-3959,,https://place.map.kakao.com/406282472,127.046405,37.67273199
까르페디엠,서울 도봉구 시루봉로 149 1층 102호,서울 도봉구 방학동 307-2,,,,https://place.map.kakao.com/333680220,127.0282231,37.66417285
커피짚,서울 도봉구 시루봉로 67,서울 도봉구 방학동 734,,070-8182-9208,//t1.kakaocdn.net/thumb/T800x0.q80/?fname=http%3A%2F%2Ft1.daumcdn.net%2Fplace%2FF360561B004A4A29B60DE1F376863EBE,https://place.map.kakao.com/13559760,127.0275781,37.65683757
커피J,서울 도봉구 도봉로110길 80,서울 도봉구 창동 674-13,,,,https://place.map.kakao.com/27323056,127.037952,37.64624769
제주스 홈플러스방학점,서울 도봉구 도봉로 678 지하2층,서울 도봉구 방학동 707-7,매일 10:00 ~ 24:00,010-5300-9073,//t1.kakaocdn.net/thumb/T800x0.q80/?fname=http%3A%2F%2Ft1.kakaocdn.net%2Fmystore%2F37D409ED49F94F259D5FE12512D68274,https://place.map.kakao.com/1218358089,127.0435988,37.66486021
사계절,서울 도봉구 도봉로112길 50,서울 도봉구 창동 676-36,,,,https://place.map.kakao.com/616581982,127.0374885,37.64688717
티스푼,서울 도봉구 방학로 145,서울 도봉구 방학동 671-16,매일 09:00 ~ 22:00,0507-1461-0720,//t1.kakaocdn.net/thumb/T800x0.q80/?fname=http%3A%2F%2Ft1.daumcdn.net%2Fplace%2F39A390BE446E4CCEBB48D802AE666B18,https://place.map.kakao.com/1770180986,127.0360443,37.66250075
떼루와 도봉산점,서울 도봉구 도봉산4나길 37,서울 도봉구 도봉동 288-12,,,,https://place.map.kakao.com/669773755,127.0442072,37.68853627
옐로우트램,서울 도봉구 노해로 341,서울 도봉구 창동 338,,02-907-1030,,https://place.map.kakao.com/16503163,127.045913,37.65144524
카페라빈스,서울 도봉구 우이천로22길 16-4,서울 도봉구 창동 635-24,,,,https://place.map.kakao.com/702422358,127.033888,37.64199637
둥둥디저트,서울 도봉구 도당로9길 8 1층,서울 도봉구 방학동 664-37,매일 10:00 ~ 18:00,02-3494-5934,//t1.kakaocdn.net/thumb/T800x0.q80/?fname=http%3A%2F%2Ft1.kakaocdn.net%2Fmystore%2F2F838F087C3A4AC589AFDE289AE4DB6F,https://place.map.kakao.com/1618264226,127.0341918,37.66316217
금커피숍,서울 도봉구 도봉로181길 5,서울 도봉구 도봉동 562-1,,02-955-5067,,https://place.map.kakao.com/1481436462,127.0454061,37.68378136
모멘토모리,서울 도봉구 도봉로180나길 41 한신아파트 상가1동 1층 108호,서울 도봉구 도봉동 30-1,,,,https://place.map.kakao.com/15717273,127.0498958,37.68434454
별하,서울 도봉구 우이천로34길 13,서울 도봉구 쌍문동 449-7,,,,https://place.map.kakao.com/716853202,127.0231486,37.64976788
2.9샌또다방,서울 도봉구 삼양로 586,서울 도봉구 쌍문동 503-1,,02-1522-2189,,https://place.map.kakao.com/822886061,127.0133187,37.65536063
롱맥,서울 도봉구 도봉로164길 26 1층,서울 도봉구 도봉동 625-8,,02-6339-1253,,https://place.map.kakao.com/486758099,127.0461788,37.67562954
씨밀레,서울 도봉구 노해로66길 103 화창프라자 1층 102호,서울 도봉구 창동 60-3,,,,https://place.map.kakao.com/1092845721,127.0487553,37.64683206
아르브르,서울 도봉구 도봉동 282-235,서울 도봉구 도봉동 282-235,,,,https://place.map.kakao.com/2102120349,127.0398046,37.68719097
매크로커피,서울 도봉구 도봉로112길 24,서울 도봉구 창동 651-4,,,,https://place.map.kakao.com/1153472572,127.0360276,37.646796
차얌 쌍문동점,서울 도봉구 해등로 190,서울 도봉구 쌍문동 723,,,,https://place.map.kakao.com/311321729,127.0357594,37.65821667
달리네카페,서울 도봉구 도당로11길 5-29 1층,서울 도봉구 방학동 664-30,,,,https://place.map.kakao.com/612404202,127.0338263,37.66348302
에이앤즈,서울 도봉구 도당로9길 10 1층,서울 도봉구 방학동 664-34,목~일 11:00 ~ 21:00 · 휴게시간 목~일 16:00 ~ 17:30,070-287-1180,//t1.kakaocdn.net/thumb/T800x0.q80/?fname=http%3A%2F%2Ft1.daumcdn.net%2Fplace%2F1AE6688A53D34FDCBFA74310D4B1811E,https://place.map.kakao.com/1971152285,127.0340053,37.66309807
모모커피,서울 도봉구 노해로63다길 55 1층,서울 도봉구 창동 135-19,매일 10:00 ~ 21:00,,//t1.kakaocdn.net/thumb/T800x0.q80/?fname=http%3A%2F%2Ft1.daumcdn.net%2Fplace%2F8D73A523DB9843DBACEAD286AF80D96B,https://place.map.kakao.com/822598501,127.0456302,37.65530138
룬발롱,서울 도봉구 도봉로 523 6층,서울 도봉구 쌍문동 80-60,,,,https://place.map.kakao.com/1218703215,127.036449,37.65211852
카페네꼬,서울 도봉구 삼양로146길 16 1층,서울 도봉구 쌍문동 422-76,월~금 12:00 ~ 19:00,010-2385-5897,//t1.kakaocdn.net/thumb/T800x0.q80/?fname=http%3A%2F%2Ft1.kakaocdn.net%2Fmystore%2F2870A6BD85004ECC81801CF9134DD8C0,https://place.map.kakao.com/75601692,127.0135786,37.65239537
카페ALO,서울 도봉구 마들로 664-17,서울 도봉구 도봉동 636-16,,02-2135-2021,,https://place.map.kakao.com/1059934264,127.0474475,37.66956662
도봉무인카페,서울 도봉구 도봉로149길 6 1층,서울 도봉구 방학동 704-37,월~금 07:00 ~ 21:00,,//t1.kakaocdn.net/thumb/T800x0.q80/?fname=http%3A%2F%2Ft1.kakaocdn.net%2Ffiy_reboot%2Fplace%2F431DDF4173D346BC8047F3AFF21CF9D1,https://place.map.kakao.com/144068116,127.0425558,37.66620774
커피농장,서울 도봉구 마들로 758,서울 도봉구 도봉동 629-12,,,,https://place.map.kakao.com/1140814584,127.049346,37.67735192
바꿈카페,서울 도봉구 마들로 664-23 2층,서울 도봉구 도봉동 636-22,,,,https://place.map.kakao.com/561894473,127.0477018,37.66943029
스윗가든,서울 도봉구 도봉로 568-51,서울 도봉구 창동 715-68,,010-6319-3747,,https://place.map.kakao.com/1088192156,127.0402234,37.65439164
베이크팡,서울 도봉구 도봉로153길 29,서울 도봉구 방학동 651-11,,,,https://place.map.kakao.com/1686398980,127.0417551,37.66988691
커피사랑,서울 도봉구 해등로 195,서울 도봉구 쌍문동 56,,,,https://place.map.kakao.com/2122499113,127.0337873,37.65783785
커피에반하다 창동쌍용아파트점 스마트카페,서울 도봉구 마들로 555 쌍용상가 118호,서울 도봉구 창동 807,매일 00:00 ~ 24:00,070-4493-7699,//t1.kakaocdn.net/thumb/T800x0.q80/?fname=http%3A%2F%2Ft1.kakaocdn.net%2Ffiy_reboot%2Fplace%2FC78492575FD44F878584C68499C588D9,https://place.map.kakao.com/92669550,127.0486525,37.66032927
해피트리,서울 도봉구 우이천로 341,서울 도봉구 쌍문동 375,,,,https://place.map.kakao.com/18784389,127.0258407,37.64696733
차얌 창동점,서울 도봉구 노해로63다길 6,서울 도봉구 창동 135-14,,,,https://place.map.kakao.com/924503990,127.0467906,37.6532092
쌍용커피,서울 도봉구 마들로 551,서울 도봉구 창동 807,,,,https://place.map.kakao.com/21354698,127.0480359,37.65946197
커피마마 창동점,서울 도봉구 해등로16길 106,서울 도봉구 창동 254-1,,02-900-2889,,https://place.map.kakao.com/16297620,127.0457014,37.65438649
또와커피,서울 도봉구 마들로 724,서울 도봉구 도봉동 657,,,,https://place.map.kakao.com/1006700229,127.0476623,37.67454408
혜섬하우스,서울 도봉구 도봉로152길 35-4 1층,서울 도봉구 도봉동 622-59,,,,https://place.map.kakao.com/2117642585,127.0459271,37.66957668
이퀄디,서울 도봉구 해등로16길 54 1층,서울 도봉구 창동 286-6,,,,https://place.map.kakao.com/1968963323,127.0428251,37.65502682
셀라,서울 도봉구 노해로65길 11,서울 도봉구 창동 333-2,월~토 11:00 ~ 22:00,,//t1.kakaocdn.net/thumb/T800x0.q80/?fname=http%3A%2F%2Ft1.daumcdn.net%2Fplace%2FC931744E25C9425E9EC374794A4C7346,https://place.map.kakao.com/315193116,127.0461932,37.65181165
루이네 북카페,서울 도봉구 시루봉로 56 상가 1층,서울 도봉구 쌍문동 59-5,,010-7930-7731,,https://place.map.kakao.com/1731871608,127.028219,37.65584264
테이크온미 창동점,서울 도봉구 덕릉로 250-1,서울 도봉구 창동 569-3,,02-6404-3155,,https://place.map.kakao.com/13300613,127.039425,37.63981048
카페 크리프리,서울 도봉구 삼양로144길 18 2층,서울 도봉구 쌍문동 422-80,월~금 10:00 ~ 21:00,070-8825-0212,,https://place.map.kakao.com/2025738788,127.0138777,37.65136434
해돋이cafe,서울 도봉구 도봉로177길 22 1층,서울 도봉구 도봉동 563-12,매일 08:00 ~ 20:00,010-7758-2488,,https://place.map.kakao.com/234098947,127.0448314,37.68171248
더빅,서울 도봉구 도봉로 873,서울 도봉구 도봉동 563,,02-956-0327,,https://place.map.kakao.com/122280888,127.0454584,37.68243338
불꽃,서울 도봉구 도봉로152가길 130,서울 도봉구 도봉동 625-154,,,,https://place.map.kakao.com/16679413,127.0451318,37.6752692
카페더하기,서울 도봉구 해등로 268,서울 도봉구 방학동 734,,,,https://place.map.kakao.com/410750353,127.0269293,37.65783592
사랑해디저트,서울 도봉구 노해로69가길 11,서울 도봉구 창동 808,,,,https://place.map.kakao.com/571007867,127.0490878,37.65888896
예스프로틴,서울 도봉구 도봉로180길 53 극동아파트 상가동 1층 104호,서울 도봉구 도봉동 81-1,,,//t1.kakaocdn.net/thumb/T800x0.q80/?fname=http%3A%2F%2Ft1.daumcdn.net%2Fplace%2F36FC1A330ADF4618BB982B4D4DDF09DF,https://place.map.kakao.com/1986869,127.0489803,37.6825382
밥스커피,서울 도봉구 도봉로136나길 10,서울 도봉구 창동 270-3,,02-994-1276,,https://place.map.kakao.com/14515665,127.0431201,37.65632683
레인보우커피,서울 도봉구 방학로3길 52 1층,서울 도봉구 쌍문동 714-16,월~토 09:00 ~ 21:00,,,https://place.map.kakao.com/1213212145,127.040697,37.66053627
마이요거트서울,서울 도봉구 도봉로114길 60-5,서울 도봉구 창동 667-133,,,//t1.kakaocdn.net/thumb/T800x0.q80/?fname=http%3A%2F%2Ft1.daumcdn.net%2Fplace%2F69CC844D55D44D5284DF68CC0371A782,https://place.map.kakao.com/449659915,127.0378792,37.64736142
냠커피,서울 도봉구 시루봉로27길 12 한신빌라트 1층,서울 도봉구 도봉동 618-35,목요일,0507-996-3701,//t1.kakaocdn.net/thumb/T800x0.q80/?fname=http%3A%2F%2Ft1.daumcdn.net%2Flocalfiy%2Fsearchregister_475303645,https://place.map.kakao.com/1042822938,127.0427305,37.67179438
커피정글,서울 도봉구 도당로17길 13,서울 도봉구 방학동 637-23,,,,https://place.map.kakao.com/27511637,127.0377176,37.66699342
커피식스쥬스식스 쌍문점,서울 도봉구 도봉로110나길 27 1층,서울 도봉구 창동 655-1,매일 07:00 ~ 22:00,,//t1.kakaocdn.net/thumb/T800x0.q80/?fname=http%3A%2F%2Ft1.daumcdn.net%2Fplace%2FCAC0DA437C3A45FDABDE8B7C024D2DD5,https://place.map.kakao.com/1177797451,127.0348558,37.64747128
카페 회상1994,서울 도봉구 도봉로 585 1층,서울 도봉구 쌍문동 630,,,//t1.kakaocdn.net/thumb/T800x0.q80/?fname=http%3A%2F%2Ft1.daumcdn.net%2Flocalfiy%2Fsearchregister_1954043870,https://place.map.kakao.com/1227465634,127.039374,37.65722173
컵오브커피 창2동점,서울 도봉구 덕릉로59가길 22,서울 도봉구 창동 581-6,,02-905-4426,,https://place.map.kakao.com/1649803398,127.0379388,37.6397324
에그르두스,서울 도봉구 도봉로152길 26,서울 도봉구 방학동 719-3,,,,https://place.map.kakao.com/971606860,127.0452741,37.6692305
커피하우스뜨레마노,서울 도봉구 마들로 664,서울 도봉구 도봉동 636-12,,02-3493-1388,,https://place.map.kakao.com/1135728817,127.0464593,37.66942862
제이네가게,서울 도봉구 도봉로167길 7 행운빌라 104호,서울 도봉구 도봉동 596-13,,,//t1.kakaocdn.net/thumb/T800x0.q80/?fname=http%3A%2F%2Ft1.daumcdn.net%2Flocalfiy%2Fsearchregister_2000802798,https://place.map.kakao.com/260488533,127.0444296,37.6778587
엘림커피,서울 도봉구 노해로 239,서울 도봉구 쌍문동 85-35,,,,https://place.map.kakao.com/1811315695,127.034608,37.65163245
모나르카커피,서울 도봉구 도봉로 500 1층,서울 도봉구 창동 661-80,,02-993-9978,//t1.kakaocdn.net/thumb/T800x0.q80/?fname=http%3A%2F%2Ft1.daumcdn.net%2Flocalfiy%2Fsearchregister_1679735831,https://place.map.kakao.com/945568235,127.0358793,37.64995075
초이스,서울 도봉구 도봉로152가길 160,서울 도봉구 도봉동 92-68,,02-3491-3191,,https://place.map.kakao.com/20884458,127.045297,37.67667241
던,서울 도봉구 도봉로 604 에이치큐브병원 1층,서울 도봉구 창동 731-1,,010-2009-5016,,https://place.map.kakao.com/1982106836,127.0410344,37.65831433
HAVE A CAKE DAY,서울 도봉구 도봉로109길 35-27 1층,서울 도봉구 쌍문동 103-204,,010-9011-0000,//t1.kakaocdn.net/thumb/T800x0.q80/?fname=http%3A%2F%2Ft1.daumcdn.net%2Fplace%2F90EA568D637649B69E548F7EA27491A5,https://place.map.kakao.com/1622297900,127.0318866,37.64587053
차얌 방학역점,서울 도봉구 도봉로150길 43,서울 도봉구 방학동 716-5,매일 09:00 ~ 22:00,,,https://place.map.kakao.com/525870503,127.0458471,37.66629345
큐티카페,서울 도봉구 마들로 657 1층,서울 도봉구 방학동 718-7,매일 11:00 ~ 01:00,,,https://place.map.kakao.com/1223935853,127.0453374,37.66832986
아크커피,서울 도봉구 시루봉로6길 53,서울 도봉구 쌍문동 50,,,,https://place.map.kakao.com/27501613,127.0300835,37.65941764
봄카페,서울 도봉구 노해로69길 132,서울 도봉구 창동 1-6,,,,https://place.map.kakao.com/828519425,127.0507053,37.6581174
커피나루,서울 도봉구 도봉로 693 2층,서울 도봉구 방학동 704-44,,,,https://place.map.kakao.com/16935237,127.0426865,37.66640266
카페인루,서울 도봉구 도봉로109길 46,서울 도봉구 쌍문동 123-74,,02-994-2002,,https://place.map.kakao.com/27506007,127.0308374,37.6471138
가비커피,서울 도봉구 도당로 80,서울 도봉구 방학동 696,,,//t1.kakaocdn.net/thumb/T800x0.q80/?fname=http%3A%2F%2Ft1.daumcdn.net%2Fplace%2FE2DAEE91EDBE4E72A91C4034D2631A15,https://place.map.kakao.com/1254773891,127.0363449,37.66483465
오후(OHOO),서울 도봉구 도당로 32,서울 도봉구 방학동 741,,02-3493-0830,,https://place.map.kakao.com/1506532412,127.0352315,37.66086175
플러스,서울 도봉구 덕릉로63길 52,서울 도봉구 창동 609-7,,,,https://place.map.kakao.com/392142384,127.0405549,37.64370803
그라찌에 덕성여대학생회관점,서울 도봉구 삼양로144길 33,서울 도봉구 쌍문동 419,,,,https://place.map.kakao.com/21409227,127.0158349,37.65247041
Nov.,서울 도봉구 도당로27길 38,서울 도봉구 방학동 650-3,,070-8691-2677,//t1.kakaocdn.net/thumb/T800x0.q80/?fname=http%3A%2F%2Ft1.daumcdn.net%2Fplace%2F634E4DE80E1946F9855A239481B196B1,https://place.map.kakao.com/1222838777,127.0410814,37.66902626
주노스카페,서울 도봉구 해등로 180 1층,서울 도봉구 쌍문동 45-6,,,//t1.kakaocdn.net/thumb/T800x0.q80/?fname=http%3A%2F%2Ft1.daumcdn.net%2Fplace%2F1B519BADFCD047D8BDA8779CD45C8ADC,https://place.map.kakao.com/1960327100,127.0368573,37.65777133
핑거커피 방학점,서울 도봉구 시루봉로 224,서울 도봉구 방학동 621-1,,,,https://place.map.kakao.com/519037829,127.0348588,37.66818665
다시가게,서울 도봉구 덕릉로60다길 25 1층,서울 도봉구 창동 560-37,목~토 14:00 ~ 19:00,,//t1.kakaocdn.net/thumb/T800x0.q80/?fname=http%3A%2F%2Ft1.kakaocdn.net%2Ffiy_reboot%2Fplace%2FC53DE8C794E54E479859A79C23DBA175,https://place.map.kakao.com/1808915166,127.0395405,37.63784107
북카페꿈,서울 도봉구 노해로 140 쌍문동청소년랜드내,서울 도봉구 쌍문동 381-4,,02-999-0170,,https://place.map.kakao.com/26156664,127.0260519,37.64719902
다올소예,서울 도봉구 방학로 145,서울 도봉구 방학동 671-16,,,,https://place.map.kakao.com/698172238,127.0360443,37.66250075
샤빙,서울 도봉구 도봉로121가길 4,서울 도봉구 쌍문동 81-149,,,,https://place.map.kakao.com/683090194,127.0355854,37.65198823
W카페,서울 도봉구 도봉로136다길 23,서울 도봉구 창동 749-9,,,,https://place.map.kakao.com/1195989858,127.04249,37.66039616
카페정커피카페,서울 도봉구 덕릉로 228,서울 도봉구 창동 557-58,,,,https://place.map.kakao.com/27309900,127.037895,37.63816074
카페에일린,서울 도봉구 방학로 76,서울 도봉구 방학동 708-2,,02-3492-0151,,https://place.map.kakao.com/1134617290,127.0442603,37.66330397
도봉경찰서 복지회,서울 도봉구 노해로 403,서울 도봉구 창동 18,,02-2289-9297,,https://place.map.kakao.com/1749383576,127.0523758,37.6535367
카페위드디 창동점,서울 도봉구 덕릉로 272 1층,서울 도봉구 창동 443-6,화~일 09:00 ~ 21:00,070-8648-1026,,https://place.map.kakao.com/376377854,127.0409952,37.64137811
더옐로우하우스,서울 도봉구 도봉로109길 89,서울 도봉구 쌍문동 332-5,,,,https://place.map.kakao.com/27331953,127.0288557,37.64807962
카페토요일,서울 도봉구 노해로60길 38,서울 도봉구 쌍문동 141-50,,,,https://place.map.kakao.com/27506010,127.0341172,37.64967656
TRI KINGS COFFEE 창동점,서울 도봉구 해등로 139,서울 도봉구 창동 715-3,,070-7543-0710,,https://place.map.kakao.com/741071839,127.0402362,37.65584321
미니커피베이킹,서울 도봉구 도봉산길 12,서울 도봉구 도봉동 275-7,,,,https://place.map.kakao.com/27221932,127.0444248,37.6875953
프레빈스,서울 도봉구 방학로 210,서울 도봉구 방학동 736,,,,https://place.map.kakao.com/18876028,127.0288312,37.66217225
컴포즈 덕성여대점,서울 도봉구 삼양로 538,서울 도봉구 쌍문동 423-47,,,,https://place.map.kakao.com/170449354,127.0131745,37.65106151
봄,서울 도봉구 해등로 206,서울 도봉구 쌍문동 199-1,,,//t1.kakaocdn.net/thumb/T800x0.q80/?fname=http%3A%2F%2Ft1.daumcdn.net%2Fplace%2F46E997FEA78C4FEF8435F7CDF9D580A9,https://place.map.kakao.com/16417895,127.0339343,37.65827577
로뎀카페,서울 도봉구 도봉로120길 16,서울 도봉구 창동 662-59,,,,https://place.map.kakao.com/1340533604,127.037429,37.65038058
핑크,서울 도봉구 도봉로143길 62,서울 도봉구 방학동 674-22,,02-2275-4304,,https://place.map.kakao.com/1521879237,127.038582,37.66191701
요고요고,서울 도봉구 마들로11가길 12,서울 도봉구 창동 5,,,,https://place.map.kakao.com/1871645969,127.0488027,37.65281322
마음카페,서울 도봉구 도봉로114길 45 1층,서울 도봉구 창동 657-55,월~토 11:00 ~ 20:00,,,https://place.map.kakao.com/476272132,127.0368601,37.64763185
뮤직카페,서울 도봉구 덕릉로 252 지하1층,서울 도봉구 창동 569-2,,,,https://place.map.kakao.com/1967517626,127.0395026,37.63986785
플앤티,서울 도봉구 도봉로150길 31,서울 도봉구 방학동 716-1,,02-955-0802,,https://place.map.kakao.com/1996323856,127.0450421,37.666368
